query,engine,rank,doc_name,doc_url,language,relevant,annotator
bangla cinema,prf_hybrid,1,টানা ২০০ দিন ধরে সিনেমা হলে চলছে এই বাংলা সিনেমা,https://www.prothomalo.com/entertainment/dhallywood/tbfgng4jd3,bn,1,default
bangla cinema,prf_hybrid,2,রীনা খান ‘দজ্জাল শাশুড়ি’? ছেলের বউয়ের উত্তর…,https://www.prothomalo.com/entertainment/dhallywood/owyvkkyh10,bn,1,default
bangla cinema,prf_hybrid,3,ডিসেম্বরে সিনেমা মুক্তি কম কেন,https://www.prothomalo.com/entertainment/dhallywood/0vpk1stveu,bn,1,default
bangla cinema,prf_hybrid,4,How mid-budget films reclaimed Indian cinemas in 2025,https://www.thedailystar.net/entertainment/tv-film/news/how-mid-budget-films-reclaimed-indian-cinemas-2025-4070056,en,1,default
bangla cinema,prf_hybrid,5,Hold on to your cinema seat tight: Siam Ahmed,https://www.thedailystar.net/entertainment/tv-film/news/hold-your-cinema-seat-tight-siam-ahmed-4071296,en,1,default
bangla cinema,prf_hybrid,6,24th Dhaka Int’l Film Festival returns with 250 films from 75 countries,https://www.thedailystar.net/entertainment/tv-film/news/24th-dhaka-intl-film-festival-returns-250-films-75-countries-4040136,en,1,default
bangla cinema,prf_hybrid,7,ঢাকা চলচ্চিত্র উৎসবে বাংলাদেশের ৫৮ সিনেমা,https://www.prothomalo.com/entertainment/dhallywood/1yulicfrjo,bn,1,default
bangla cinema,prf_hybrid,8,বছরের আলোচিত ৭ খল চরিত্র,https://www.prothomalo.com/entertainment/dhallywood/8egj8fsrzj,bn,1,default
bangla cinema,prf_hybrid,9,অল্প বাজেটে বুদ্ধিদীপ্ত সিনেমার খোঁজে,https://www.prothomalo.com/entertainment/dhallywood/iod6i1sngo,bn,1,default
bangla cinema,prf_hybrid,10,DIFF to screen 58 Bangladeshi films this year,https://www.thedailystar.net/entertainment/tv-film/news/diff-screen-58-bangladeshi-films-year-4075181,en,1,default
bangla cinema,prf_hybrid,11,Renowned actress Jayasree Kabir passes away in London,https://www.thedailystar.net/entertainment/tv-film/news/renowned-actress-jayasree-kabir-passes-away-london-4081771,en,1,default
bangla cinema,prf_hybrid,12,An industry cannot survive on festival-centric releases alone: Misha Sawdagor,https://www.thedailystar.net/entertainment/tv-film/news/industry-cannot-survive-festival-centric-releases-alone-misha-sawdagor,en,1,default
bangla cinema,prf_hybrid,13,ঢাকা চলচ্চিত্র উৎসবে আজ দেখতে পারেন যেসব সিনেমা,https://www.prothomalo.com/entertainment/dhallywood/z3w6rddrzn,bn,1,default
bangla cinema,prf_hybrid,14,কল্যাণী কি বলিউডেও আসছেন,https://www.prothomalo.com/entertainment/bollywood/krmorg8g6a,bn,1,default
bangla cinema,prf_hybrid,15,"উৎসবে আজ ‘উৎসব’, আরও দেখানো হবে যেসব সিনেমা",https://www.prothomalo.com/entertainment/dhallywood/pu336pev29,bn,1,default
bangla cinema,prf_hybrid,16,The Daily Star means 35 years of fearless journalism: Shakib Khan,https://www.thedailystar.net/entertainment/tv-film/news/the-daily-star-means-35-years-fearless-journalism-shakib-khan-4080771,en,1,default
bangla cinema,prf_hybrid,17,Apu Biswas set for a ‘Durbar’ comeback,https://www.thedailystar.net/entertainment/tv-film/news/apu-biswas-set-durbar-comeback-4065541,en,1,default
bangla cinema,prf_hybrid,18,2025 emerges as a milestone for Arab cinema,https://www.thedailystar.net/entertainment/tv-film/news/2025-emerges-milestone-arab-cinema-4067016,en,0,default
bangla cinema,prf_hybrid,19,আনোয়ারার দিন কাটে যেভাবে,https://www.prothomalo.com/entertainment/dhallywood/99fl5l3vow,bn,1,default
bangla cinema,prf_hybrid,20,"শিল্পকলায় ফিরল ঢাকা চলচ্চিত্র উৎসব, আজ ৫ সিনেমার প্রদর্শনী",https://www.prothomalo.com/entertainment/dhallywood/2439xn63b6,bn,1,default
bangla cinema,prf_hybrid,21,"শেষ হলো ঢাকা আন্তর্জাতিক চলচ্চিত্র উৎসব, পুরস্কার পেল যেসব সিনেমা",https://www.prothomalo.com/entertainment/world-cinema/3nt0y36tpq,bn,1,default
bangla cinema,prf_hybrid,22,"‘গ্লিসারিন ছাড়াই কাঁদতাম’, সোনালি দিনের সিনেমা নিয়ে বললেন সুজাতা",https://www.prothomalo.com/entertainment/dhallywood/lk88cdz5po,bn,1,default
bangla cinema,prf_hybrid,23,35 swimmers begin Bangla Channel crossing,https://www.dhakatribune.com/bangladesh/nation/401237/35-swimmers-begin-bangla-channel-crossing,en,0,default
bangla cinema,prf_hybrid,24,ঢাকা চলচ্চিত্র উৎসবে আজ দেখতে পারেন যেসব সিনেমা,https://www.prothomalo.com/entertainment/8eejnyy5sy,bn,1,default
bangla cinema,prf_hybrid,25,2025 in Bangladeshi cinema: the most critically acclaimed films of the year,https://www.thedailystar.net/entertainment/tv-film/news/2025-bangladeshi-cinema-most-critically-acclaimed-films-year-4052591,en,1,default
bangla cinema,prf_hybrid,26,‘পুষ্পা’কে হারিয়ে এটি এখন সর্বকালের সর্বোচ্চ আয় করা হিন্দি ছবি,https://www.prothomalo.com/entertainment/bollywood/wq67dimld2,bn,0,default
bangla cinema,prf_hybrid,27,"‘বরবাদ’ থেকে ‘উৎসব’, বছরের আলোচিত ১০ সিনেমা কোনগুলো",https://www.prothomalo.com/entertainment/dhallywood/xe7ujz9ouv,bn,1,default
bangla cinema,prf_hybrid,28,Film producer Ruhul Amin Babul dies after prolonged battle with cancer,https://www.thedailystar.net/entertainment/tv-film/news/film-producer-ruhul-amin-babul-dies-after-prolonged-battle-cancer,en,1,default
bangla cinema,prf_hybrid,29,ঢাকা জয় করলো কিরগিজস্তানের ‘কুরাক’,https://www.banglatribune.com/entertainment/930519/%E0%A6%A1%E0%A6%BF%E0%A6%86%E0%A6%87%E0%A6%8F%E0%A6%AB%E0%A6%8F%E0%A6%AB-%E0%A6%AA%E0%A7%81%E0%A6%B0%E0%A6%B8%E0%A7%8D%E0%A6%95%E0%A6%BE%E0%A6%B0-%E0%A6%9C%E0%A6%BF%E0%A6%A4%E0%A6%B2%E0%A7%8B-%E0%A6%95%E0%A6%BF%E0%A6%B0%E0%A6%97%E0%A6%BF%E0%A6%9C%E0%A6%B8%E0%A7%8D%E0%A6%A4%E0%A6%BE%E0%A6%A8%E0%A7%87%E0%A6%B0-%E2%80%98%E0%A6%95%E0%A7%81%E0%A6%B0%E0%A6%BE%E0%A6%95%E2%80%99,bn,1,default
bangla cinema,prf_hybrid,30,"২১ বছরে বৈশাখী টেলিভিশন, দিনভর আয়োজন",https://www.prothomalo.com/entertainment/tv/1y1ulcnav1,bn,0,default
bangla cinema,prf_hybrid,31,"হলিউড নয়, চীনা সিনেমা! দেখুন আয়ে শীর্ষে থাকা ১০ ছবি",https://www.prothomalo.com/entertainment/hollywood/y1fds8pnzo,bn,0,default
bangla cinema,prf_hybrid,32,Shakib Khan showcases six different looks in a new commercial,https://www.thedailystar.net/entertainment/tv-film/news/shakib-khan-showcases-six-different-looks-new-commercial-4047086,en,1,default
bangla cinema,prf_hybrid,33,"ভারত–পাকিস্তানে বিতর্ক, আয় ১ হাজার কোটির বেশি",https://www.prothomalo.com/entertainment/bollywood/rf8b61cme1,bn,0,default
bangla cinema,prf_hybrid,34,Looking back at 2025: Films that earned appreciation,https://www.thedailystar.net/entertainment/tv-film/news/looking-back-2025-films-earned-appreciation-4067641,en,1,default
bangla cinema,prf_hybrid,35,‘Ekhane Rajnoitik Alap Joruri’ to release ahead of election,https://www.thedailystar.net/entertainment/tv-film/news/ekhane-rajnoitik-alap-joruri-release-ahead-election-4064516,en,1,default
bangla cinema,prf_hybrid,36,DIFF set to open with Chinese feature,https://www.thedailystar.net/entertainment/tv-film/news/diff-set-open-chinese-feature-4074471,en,1,default
bangla cinema,prf_hybrid,37,"বাবার ছবি মোবাইলে রাখেন না দিলদারের মেয়ে, কারণ...",https://www.prothomalo.com/entertainment/dhallywood/8zuullfz7w,bn,1,default
bangla cinema,prf_hybrid,38,Simmons back in Dhaka after break,https://www.daily-sun.com/sports/852272/simmons-back-in-dhaka-after-break,en,0,default
bangla cinema,prf_hybrid,39,ঢাকা চলচ্চিত্র উৎসবে আজ যেসব সিনেমা দেখতে পারেন,https://www.prothomalo.com/entertainment/dhallywood/rd50wqy2qu,bn,1,default
bangla cinema,prf_hybrid,40,শীর্ষে থাকা ১০ ছবি,https://www.prothomalo.com/entertainment/hollywood/40ht8fppjk,bn,0,default
bangla cinema,prf_hybrid,41,"আলোচনায় ৩ সিরিজ ও ২ সিনেমা, দেখে নিতে পারেন",https://www.prothomalo.com/entertainment/kcosq6r0gt,bn,1,default
bangla cinema,prf_hybrid,42,শিল্পকলায় ঢাকা আন্তর্জাতিক চলচ্চিত্র উৎসবের শো স্থগিত,https://www.prothomalo.com/entertainment/dhallywood/yenh51absb,bn,1,default
bangla cinema,prf_hybrid,43,বক্স অফিসে ঝড় তোলা ৭ ছবি,https://www.prothomalo.com/entertainment/bollywood/ju8v19fyru,bn,0,default
bangla cinema,prf_hybrid,44,"নৃশংস, ভয়ংকর নায়কে আস্থা রাখছে বলিউড",https://www.prothomalo.com/entertainment/bollywood/uc6x1mtev6,bn,0,default
bangla cinema,prf_hybrid,45,উৎসবে আজ দেখা যাবে সেসব সিনেমা,https://www.prothomalo.com/entertainment/world-cinema/jmciyc2kze,bn,1,default
bangla cinema,prf_hybrid,46,Free medical camp held in Ctg,https://dailynewnation.com/news/797845/,en,0,default
bangla cinema,prf_hybrid,47,"৯০ হাজার ভক্ত নিয়ে গান প্রকাশ, সিনেমাকে বিদায় জানানোর কারণ জানালেন থালাপতি",https://www.prothomalo.com/entertainment/i38iqw7dim,bn,0,default
bangla cinema,prf_hybrid,48,ঢাকায় ‘অ্যাভাটার’,https://www.prothomalo.com/entertainment/hollywood/zoysg3kk4e,bn,1,default
bangla cinema,prf_hybrid,49,"‘বিবাহিত হিরো–হিরোইনের সিনেমায় আবেদন থাকে না’, শাকিল খানের সোজাসাপটা উত্তর",https://www.prothomalo.com/entertainment/dhallywood/iapwy8ncad,bn,1,default
bangla cinema,prf_hybrid,50,"Rekha honoured at Red Sea Festival, recites iconic ‘Umrao Jaan’ shayari",https://www.thedailystar.net/entertainment/tv-film/news/rekha-honoured-red-sea-festival-recites-iconic-umrao-jaan-shayari,en,0,default
Donald Trump and Tariff,prf_hybrid,1,"শুল্ক আরোপের বিষয়টি ন্যায্য, বেশিরভাগ মানুষই তা বোঝেন : ট্রাম্প",https://dailynayadiganta.com/international/america/KtymC8ri91dk,bn,1,default
Donald Trump and Tariff,prf_hybrid,2,"গ্রিনল্যান্ড নিয়ে শুল্ক আরোপে অটল ট্রাম্প, সার্বভৌমত্ব রক্ষার ঘোষণা ইইউর",https://dailynayadiganta.com/international/fX4ppW5awx5G,bn,1,default
Donald Trump and Tariff,prf_hybrid,3,গ্রিনল্যান্ড দখলে বিরোধিতা করায় ইউরোপের ৮ দেশের ওপর শুল্ক আরোপ ট্রাম্পের,https://www.prothomalo.com/world/usa/wch1p8e0kh,bn,1,default
Donald Trump and Tariff,prf_hybrid,4,গ্রিনল্যান্ড নিয়ে ট্রাম্পের হুমকি দেয়া ‘পুরোপুরি ভুল’ কাজ : ব্রিটিশ প্রধানমন্ত্রী,https://dailynayadiganta.com/international/europe/jwEVrsZnHNRB,bn,1,default
Donald Trump and Tariff,prf_hybrid,5,"যেসব দেশ গ্রিনল্যান্ড নিতে বাধা দেবে, তাদের ওপর শুল্ক আরোপ: ট্রাম্পের নতুন হুমকি",https://www.prothomalo.com/world/usa/s0pb5b5le6,bn,1,default
Donald Trump and Tariff,prf_hybrid,6,"মাখোঁর ওপর কেন খেপলেন ট্রাম্প, ফরাসি ওয়াইনে ২০০% শুল্ক আরোপের হুমকি",https://www.prothomalo.com/world/europe/fbhqf3m8ya,bn,1,default
Donald Trump and Tariff,prf_hybrid,7,তিন ধরনের পণ্যে অতিরিক্ত শুল্ক স্থগিত করলেন ট্রাম্প,https://dailynayadiganta.com/international/america/58qLpKkXuHHX,bn,1,default
Donald Trump and Tariff,prf_hybrid,8,আমাকে খুশি রাখা জরুরি: মোদিকে কেন বললেন ট্রাম্প,https://www.prothomalo.com/world/usa/sjctqrdscv,bn,1,default
Donald Trump and Tariff,prf_hybrid,9,"গ্রিনল্যান্ড দখলে বল প্রয়োগ করব না, তবে মালিকানা যুক্তরাষ্ট্রের কাছেই থাকা উচিত: ট্রাম্প",https://www.prothomalo.com/world/europe/j2rzuciofe,bn,1,default
Donald Trump and Tariff,prf_hybrid,10,গ্রিনল্যান্ড নিয়ে ট্রাম্পের শুল্ক আরোপকে ‘অগ্রহণযোগ্য’ বলেছেন ইউরোপের নেতারা,https://www.prothomalo.com/world/europe/uljoti4ovn,bn,1,default
Donald Trump and Tariff,prf_hybrid,11,ফিরে দেখা ২০২৫: ট্রাম্পের শুল্কযুদ্ধে পাল্টে যাচ্ছে বিশ্ববাণিজ্য ব্যবস্থা,https://www.prothomalo.com/business/world-business/4p784sy3rk,bn,1,default
Donald Trump and Tariff,prf_hybrid,12,"মোদি আমাকে বলেছিলেন, ‘স্যার, আমি কি আপনার সঙ্গে একটু দেখা করতে পারি’: ট্রাম্প",https://www.prothomalo.com/world/usa/4aod8bwtzu,bn,1,default
Donald Trump and Tariff,prf_hybrid,13,গ্রিনল্যান্ড নিয়ে ট্রাম্পের শুল্ক হুমকির তীব্র নিন্দা ইউরোপীয় নেতাদের,https://www.prothomalo.com/world/europe/5w9qd4xgax,bn,1,default
Donald Trump and Tariff,prf_hybrid,14,"ইউরোপ জিম্মি হবে না, বললেন ডেনমার্কের প্রধানমন্ত্রী",https://www.prothomalo.com/world/europe/byeq33k141,bn,1,default
Donald Trump and Tariff,prf_hybrid,15,"ট্রাম্পের কারণে কি যুক্তরাষ্ট্র-ইইউর শুল্কযুদ্ধ লেগে যেতে পারে, এর পরিণতিই–বা কী হবে",https://www.prothomalo.com/world/europe/sblmt50cvb,bn,1,default
Donald Trump and Tariff,prf_hybrid,16,"৫০০ শতাংশ শুল্কের হুমকি দিলেন ট্রাম্প, কী করবে ভারত",https://www.prothomalo.com/business/analysis/pjuydbypc0,bn,1,default
Donald Trump and Tariff,prf_hybrid,17,ট্রাম্পের শুল্ক আরোপের হুমকিতে মুখোমুখি যুক্তরাষ্ট্র-ইউরোপ,https://dailynayadiganta.com/international/99zp1aDez0QD,bn,1,default
Donald Trump and Tariff,prf_hybrid,18,ট্রাম্পের একচ্ছত্র ক্ষমতার দিন কি শেষ হয়ে আসছে,https://www.prothomalo.com/business/world-business/d76t9etejl,bn,1,default
Donald Trump and Tariff,prf_hybrid,19,ট্রাম্পের পাল্টা শুল্কে যুক্তরাষ্ট্রে  বাংলাদেশের রপ্তানি কমেনি,https://www.prothomalo.com/business/industry/c3plj6atsu,bn,1,default
Donald Trump and Tariff,prf_hybrid,20,"বিক্ষোভ চালিয়ে যান, প্রতিষ্ঠানের দখল নেন: ইরানের বিক্ষোভকারীদের ট্রাম্প",https://www.prothomalo.com/world/middle-east/6cr30luumh,bn,0,default
Donald Trump and Tariff,prf_hybrid,21,গ্রিনল্যান্ড ঘিরে উত্তেজনা: যুক্তরাষ্ট্রের সঙ্গে বাণিজ্যচুক্তি অনুমোদনের কাজ স্থগিত করছে ইইউ,https://www.prothomalo.com/world/europe/idkvgp6bnr,bn,1,default
Donald Trump and Tariff,prf_hybrid,22,ইরানের বিরুদ্ধে ট্রাম্পের শুল্কের ঘোষণায় ভারতের চিন্তা কতটা বাড়ল,https://www.prothomalo.com/world/india/fu2unun0xb,bn,1,default
Donald Trump and Tariff,prf_hybrid,23,"ইরানের সঙ্গে বাণিজ্য করলে দিতে হবে ২৫ শতাংশ শুল্ক,  ট্রাম্পের নতুন ঘোষণা",https://www.prothomalo.com/world/usa/rthvigfdww,bn,1,default
Donald Trump and Tariff,prf_hybrid,24,"ভারতের ওপর ৫০০ শতাংশ শুল্ক আরোপের বিলে সম্মতি দিলেন ট্রাম্প, কারণ কী",https://www.prothomalo.com/world/usa/afrzyjejhw,bn,1,default
Donald Trump and Tariff,prf_hybrid,25,নোবেল না পাওয়ায় শুধু শান্তির কথা ভাবতে আর বাধ্য নই: ট্রাম্প,https://www.prothomalo.com/world/usa/6wf973k73o,bn,0,default
Donald Trump and Tariff,prf_hybrid,26,ট্রাম্প ৫০০ শতাংশ শুল্ক আরোপ করলে যুক্তরাষ্ট্রে ভারতের পণ্য রপ্তানি কি বন্ধ হয়ে যেতে পারে,https://www.prothomalo.com/world/india/3aheb4tfdj,bn,1,default
Donald Trump and Tariff,prf_hybrid,27,ট্রাম্পের শুল্ক ইউরোপকে বিভক্ত করার কৌশল,https://www.prothomalo.com/world/usa/sjg62vw2b8,bn,1,default
Donald Trump and Tariff,prf_hybrid,28,মেক্সিকোর ওপর ৫ শতাংশ শুল্ক আরোপের হুমকি ট্রাম্পের,https://dailynayadiganta.com/international/america/6LZegUGbM6Sm,bn,1,default
Donald Trump and Tariff,prf_hybrid,29,গ্রিনল্যান্ড নিয়ে শুল্ক আরোপের হুমকি থেকে সরে এলেন ট্রাম্প,https://dailynayadiganta.com/international/america/Q0VcrxxsSDMW,bn,1,default
Donald Trump and Tariff,prf_hybrid,30,"Trump enters election year with big wins, bigger political headwinds",https://dailynewnation.com/news/790588/,en,0,default
Donald Trump and Tariff,prf_hybrid,31,পার্থক্যটা বুঝুন স্যারজি: ট্রাম্পের আক্রমণের পর নিশ্চুপ মোদিকে রাহুলের কটাক্ষ,https://www.prothomalo.com/world/india/1ho8soycel,bn,0,default
Donald Trump and Tariff,prf_hybrid,32,US mulls reducing reciprocal tariff rate on Bangladesh,https://www.daily-sun.com/business/850902/us-mulls-reducing-reciprocal-tariff-rate-on-bangladesh,en,1,default
Donald Trump and Tariff,prf_hybrid,33,"মোদি বললেন, ‘স্যার, আমি কি আপনার সাথে দেখা করতে পারি?’",https://dailynayadiganta.com/international/asia/south-asia/YQLNzjsTcOYc,bn,0,default
Donald Trump and Tariff,prf_hybrid,34,প্রেসিডেন্ট মাদুরো ও তাঁর স্ত্রীকে তুলে নেওয়া প্রসঙ্গে ট্রাম্প কী বললেন,https://www.prothomalo.com/world/south-america/grjsnmd2le,bn,0,default
Donald Trump and Tariff,prf_hybrid,35,UK’s Starmer stands with Danish PM over Trump Greenland threats,https://www.dhakatribune.com/world/europe/400353/uk%E2%80%99s-starmer-stands-with-danish-pm-over-trump,en,1,default
Donald Trump and Tariff,prf_hybrid,36,"Trump backs bill proposing 500% tariff on India, other countries",https://www.dhakatribune.com/world/north-america/400542/trump-backs-bill-proposing-500%25-tariff-on-india,en,1,default
Donald Trump and Tariff,prf_hybrid,37,ক্ষমতায় বসার পর এক বছরে কীভাবে যুক্তরাষ্ট্র ও বিশ্বকে নাড়িয়ে দিলেন ট্রাম্প,https://www.prothomalo.com/world/usa/2bgwnnhgpt,bn,1,default
Donald Trump and Tariff,prf_hybrid,38,Trump says Venezuela’s Maduro held in large scale US strike,https://www.dhakatribune.com/world/latin-america/400160/trump-says-venezuela%E2%80%99s-maduro-held-in-large-scale,en,0,default
Donald Trump and Tariff,prf_hybrid,39,ট্রাম্পকে গ্রিনল্যান্ড নিয়ে হুমকি দেয়া বন্ধ করতে বললেন ডেনমার্কের প্রধানমন্ত্রী,https://dailynayadiganta.com/international/america/AJeQhFS5A5Z1,bn,1,default
Donald Trump and Tariff,prf_hybrid,40,EU lawmakers stall US trade deal in protest over Greenland,https://www.daily-sun.com/business/853119/eu-lawmakers-stall-us-trade-deal-in-protest-over-greenland,en,1,default
Donald Trump and Tariff,prf_hybrid,41,"Trump posts photo of handcuffed, blindfolded Maduro",https://www.dhakatribune.com/world/latin-america/400194/trump-posts-photo-of-handcuffed-blindfolded,en,0,default
Donald Trump and Tariff,prf_hybrid,42,মোদিকে নিয়ে ট্রাম্পের আক্রমণাত্মক মন্তব্যের পরও কেন নয়াদিল্লি চুপ,https://www.prothomalo.com/world/india/tbl1omf8ma,bn,1,default
Donald Trump and Tariff,prf_hybrid,43,US urges citizens to leave Iran amid escalating unrest,https://www.dhakatribune.com/world/asia/400910/us-urges-citizens-to-leave-iran-amid-escalating,en,0,default
Donald Trump and Tariff,prf_hybrid,44,Colombian president ready to take up arms in face of Trump threats,https://www.dhakatribune.com/world/latin-america/400350/colombian-president-ready-to-take-up-arms-in-face,en,0,default
Donald Trump and Tariff,prf_hybrid,45,Trump to meet global CEOs in Davos,https://dailynewnation.com/news/798052/,en,1,default
Donald Trump and Tariff,prf_hybrid,46,Trump orders blockade of Venezuela’s sanctioned oil tankers,https://www.dhakatribune.com/world/latin-america/398925/trump-orders-blockade-of-venezuela%E2%80%99s-sanctioned,en,1,default
Donald Trump and Tariff,prf_hybrid,47,ট্রাম্পের হুমকির মুখে গ্রিনল্যান্ডে অতিরিক্ত সেনা পাঠিয়েছে ডেনমার্ক,https://www.prothomalo.com/world/europe/gh2zwb2ikm,bn,1,default
Donald Trump and Tariff,prf_hybrid,48,France backs Greenland after fresh Trump threats,https://www.dhakatribune.com/world/europe/400309/france-backs-greenland-after-fresh-trump-threats,en,1,default
Donald Trump and Tariff,prf_hybrid,49,"Trump tells Cuba to make a deal, before it is too late",https://www.dhakatribune.com/world/400814/trump-tells-cuba-to-make-a-deal-before-it-is-too,en,1,default
Donald Trump and Tariff,prf_hybrid,50,US will take Greenland ‘one way or the other’: Trump,https://dailynewnation.com/news/796504/,en,1,default
চাকরির বিজ্ঞপ্তি,prf_hybrid,1,আস-সুন্নাহ ফাউন্ডেশনে চাকরি পেতে দ্রুত আবেদন করুন,https://www.dhakapost.com/jobs-career/418435,bn,1,default
চাকরির বিজ্ঞপ্তি,prf_hybrid,2,ইউনাইটেড হাসপাতালে চাকরি পেতে দ্রুত আবেদন করুন,https://www.dhakapost.com/jobs-career/419105,bn,1,default
চাকরির বিজ্ঞপ্তি,prf_hybrid,3,"নিয়োগ দিচ্ছে সিটি ব্যাংক, চাকরি পেতে অনলাইনে আবেদন করুন",https://www.dhakapost.com/jobs-career/420001,bn,1,default
চাকরির বিজ্ঞপ্তি,prf_hybrid,4,সিটিজেনস ব্যাংকে চাকরি পেতে দ্রুত আবেদন করুন,https://www.dhakapost.com/jobs-career/418627,bn,1,default
চাকরির বিজ্ঞপ্তি,prf_hybrid,5,লংকাবাংলা ফাইন্যান্সে চাকরি পেতে আবেদন করুন,https://www.dhakapost.com/jobs-career/417892,bn,1,default
চাকরির বিজ্ঞপ্তি,prf_hybrid,6,"চাকরি দিচ্ছে আগোরা, সাপ্তাহিক শুক্র-শনিবার ছুটি",https://www.dhakapost.com/jobs-career/421119,bn,1,default
চাকরির বিজ্ঞপ্তি,prf_hybrid,7,শুক্র-শনিবার সাপ্তাহিক ছুটিসহ ইউএস-বাংলা এয়ারলাইন্সে চাকরি,https://www.dhakapost.com/jobs-career/421343,bn,1,default
চাকরির বিজ্ঞপ্তি,prf_hybrid,8,One in three graduates remains jobless for up to 2yrs,https://www.thedailystar.net/business/economy/news/one-three-graduates-remains-jobless-2yrs-3997146,en,1,default
চাকরির বিজ্ঞপ্তি,prf_hybrid,9,ইউএস-বাংলা এয়ারলাইন্সে চাকরি পেতে দ্রুত আবেদন করুন,https://www.dhakapost.com/jobs-career/417930,bn,1,default
চাকরির বিজ্ঞপ্তি,prf_hybrid,10,ট্রাস্ট ব্যাংকে চাকরি পেতে দ্রুত আবেদন করুন,https://www.dhakapost.com/jobs-career/419952,bn,1,default
চাকরির বিজ্ঞপ্তি,prf_hybrid,11,"চাকরি দেবে হুয়াওয়ে, অনলাইনে দ্রুত আবেদন করুন",https://www.dhakapost.com/jobs-career/421873,bn,1,default
চাকরির বিজ্ঞপ্তি,prf_hybrid,12,ইস্টার্ন ব্যাংকে চাকরি পেতে অনলাইনে আবেদন করুন,https://www.dhakapost.com/jobs-career/418923,bn,1,default
চাকরির বিজ্ঞপ্তি,prf_hybrid,13,বিকাশে চাকরি পেতে দ্রুত আবেদন করুন,https://www.dhakapost.com/jobs-career/416746,bn,1,default
চাকরির বিজ্ঞপ্তি,prf_hybrid,14,"হুয়াওয়ে নিয়োগ বিজ্ঞপ্তি, চাকরি পেতে আবেদন করুন",https://www.dhakapost.com/jobs-career/417413,bn,1,default
চাকরির বিজ্ঞপ্তি,prf_hybrid,15,প্রাইম ব্যাংকে চাকরি পেতে দ্রুত অনলাইনে আবেদন করুন,https://www.dhakapost.com/jobs-career/421637,bn,1,default
চাকরির বিজ্ঞপ্তি,prf_hybrid,16,আবুল খায়ের গ্রুপে অভিজ্ঞতা ছাড়াই চাকরি পেতে আবেদন করুন,https://www.dhakapost.com/jobs-career/415544,bn,1,default
চাকরির বিজ্ঞপ্তি,prf_hybrid,17,ব্যাংক এশিয়ায় চাকরি পেতে দ্রুত আবেদন করুন,https://www.dhakapost.com/jobs-career/419113,bn,1,default
চাকরির বিজ্ঞপ্তি,prf_hybrid,18,"চাকরি দিচ্ছে রেড ক্রিসেন্ট, অনলাইনে চলছে আবেদন",https://www.dhakapost.com/jobs-career/416759,bn,1,default
চাকরির বিজ্ঞপ্তি,prf_hybrid,19,সিটি গ্রুপে চাকরি পেতে আজই আবেদন করুন,https://www.dhakapost.com/jobs-career/418113,bn,1,default
চাকরির বিজ্ঞপ্তি,prf_hybrid,20,আইএফআইসি ব্যাংকে চাকরি পেতে আজই আবেদন করুন,https://www.dhakapost.com/jobs-career/415277,bn,1,default
চাকরির বিজ্ঞপ্তি,prf_hybrid,21,"যমুনা গ্রুপে জব সার্কুলার, চাকরি পেতে আবেদন করুন",https://www.dhakapost.com/jobs-career/418861,bn,1,default
চাকরির বিজ্ঞপ্তি,prf_hybrid,22,"সিটি ব্যাংকে নিয়োগ বিজ্ঞপ্তি, চাকরি পেতে আবেদন করুন",https://www.dhakapost.com/jobs-career/415300,bn,1,default
চাকরির বিজ্ঞপ্তি,prf_hybrid,23,৫৫ বছরেও চাকরি দেবে আল-আরাফাহ ইসলামী ব্যাংক,https://www.dhakapost.com/jobs-career/419330,bn,1,default
চাকরির বিজ্ঞপ্তি,prf_hybrid,24,ব্র্যাকে চাকরি পেতে অনলাইনে আবেদন করুন,https://www.dhakapost.com/jobs-career/419750,bn,1,default
চাকরির বিজ্ঞপ্তি,prf_hybrid,25,প্রাইম ব্যাংকে চাকরি পেতে দ্রুত আবেদন করুন,https://www.dhakapost.com/jobs-career/421124,bn,1,default
চাকরির বিজ্ঞপ্তি,prf_hybrid,26,"এসএসসি পাসে চাকরি দিচ্ছে ইবনে সিনা, আছে ওভারটাইম ভাতা",https://www.dhakapost.com/jobs-career/419727,bn,1,default
চাকরির বিজ্ঞপ্তি,prf_hybrid,27,"গাজী গ্রুপে চাকরি পেতে আবেদন করুন, বেতন ছাড়াও পাবেন ভাতা",https://www.dhakapost.com/jobs-career/418381,bn,1,default
চাকরির বিজ্ঞপ্তি,prf_hybrid,28,বিশ্ব খাদ্য কর্মসূচিতে চাকরি দিচ্ছে জাতিসংঘ,https://www.dhakapost.com/jobs-career/416470,bn,1,default
চাকরির বিজ্ঞপ্তি,prf_hybrid,29,প্রাইভেট ব্যাংকে চাকরি পেতে অনলাইনে আবেদন করুন,https://www.dhakapost.com/jobs-career/416795,bn,1,default
চাকরির বিজ্ঞপ্তি,prf_hybrid,30,"চাকরি দিচ্ছে নভোএয়ার, পাবেন প্রভিডেন্ট ফান্ড ও বিমা",https://www.dhakapost.com/jobs-career/415555,bn,1,default
চাকরির বিজ্ঞপ্তি,prf_hybrid,31,এইচএসসি পাসে জেলা প্রশাসকের কার্যালয়ে নিয়োগ বিজ্ঞপ্তি,https://www.dhakapost.com/jobs-career/418677,bn,1,default
চাকরির বিজ্ঞপ্তি,prf_hybrid,32,আড়ংয়ে চাকরি পেতে আজই অনলাইনে আবেদন করুন,https://www.dhakapost.com/jobs-career/416506,bn,1,default
চাকরির বিজ্ঞপ্তি,prf_hybrid,33,"চাকরি দিচ্ছে স্যামসাং, শুক্র-শনিবার সাপ্তাহিক ছুটি",https://www.dhakapost.com/jobs-career/415594,bn,1,default
চাকরির বিজ্ঞপ্তি,prf_hybrid,34,আড়ংয়ে চাকরি পেতে অনলাইনে দ্রুত আবেদন করুন,https://www.dhakapost.com/jobs-career/415125,bn,1,default
চাকরির বিজ্ঞপ্তি,prf_hybrid,35,বম্বে সুইটসে চাকরি পেতে দ্রুত আবেদন করুন,https://www.dhakapost.com/jobs-career/420702,bn,1,default
চাকরির বিজ্ঞপ্তি,prf_hybrid,36,"চাকরি দিচ্ছে এসিআই, যারা আবেদন করতে পারবেন",https://www.dhakapost.com/jobs-career/419783,bn,1,default
চাকরির বিজ্ঞপ্তি,prf_hybrid,37,"মার্কেটিংয়ে চাকরি দেবে স্কয়ার গ্রুপ, অনলাইনে আবেদন করুন",https://www.dhakapost.com/jobs-career/418367,bn,1,default
চাকরির বিজ্ঞপ্তি,prf_hybrid,38,যমুনা গ্রুপে চাকরি পেতে আজই আবেদন করুন,https://www.dhakapost.com/jobs-career/421876,bn,1,default
চাকরির বিজ্ঞপ্তি,prf_hybrid,39,এইচএসসি পাসেই চাকরি দিচ্ছে বসুন্ধরা গ্রুপ,https://www.dhakapost.com/jobs-career/417918,bn,1,default
চাকরির বিজ্ঞপ্তি,prf_hybrid,40,"মেঘনা গ্রুপে জব সার্কুলার, চাকরি পেতে দ্রুত আবেদন করুন",https://www.dhakapost.com/jobs-career/416448,bn,1,default
চাকরির বিজ্ঞপ্তি,prf_hybrid,41,"চাকরি দিচ্ছে পেট্রোম্যাক্স এলপিজি, দ্রুত অনলাইনে আবেদন করুন",https://www.dhakapost.com/jobs-career/420683,bn,1,default
চাকরির বিজ্ঞপ্তি,prf_hybrid,42,"চুক্তিভিত্তিক চাকরি দিচ্ছে এসএমসি, আজই আবেদন করুন",https://www.dhakapost.com/jobs-career/417949,bn,1,default
চাকরির বিজ্ঞপ্তি,prf_hybrid,43,বিকাশে চাকরি পেতে অনলাইনে দ্রুত আবেদন করুন,https://www.dhakapost.com/jobs-career/418349,bn,1,default
চাকরির বিজ্ঞপ্তি,prf_hybrid,44,চাকরি দিচ্ছে মেঘনা ফ্রেশ এলপিজি,https://www.dhakapost.com/jobs-career/421347,bn,1,default
চাকরির বিজ্ঞপ্তি,prf_hybrid,45,এইচএসসি পাসেই চাকরি দিচ্ছে এসিআই কোম্পানি,https://www.dhakapost.com/jobs-career/418126,bn,1,default
চাকরির বিজ্ঞপ্তি,prf_hybrid,46,"আকিজ গ্রুপে নিয়োগ বিজ্ঞপ্তি, চাকরি পেতে আবেদন করুন",https://www.dhakapost.com/jobs-career/420222,bn,1,default
চাকরির বিজ্ঞপ্তি,prf_hybrid,47,"চাকরি দিচ্ছে হোন্ডা, পাবেন ভাতাসহ প্রভিডেন্ট ফান্ড-গ্র্যাচুইটি",https://www.dhakapost.com/jobs-career/421384,bn,1,default
চাকরির বিজ্ঞপ্তি,prf_hybrid,48,"আকিজ গ্রুপে চাকরি পেতে আবেদন করুন, পাবেন প্রভিডেন্ট ফান্ড",https://www.dhakapost.com/jobs-career/415581,bn,1,default
চাকরির বিজ্ঞপ্তি,prf_hybrid,49,ডিজিটাল মার্কেটিংয়ে চাকরি দিচ্ছে এসিআই মোটরস,https://www.dhakapost.com/jobs-career/419509,bn,1,default
চাকরির বিজ্ঞপ্তি,prf_hybrid,50,বেসরকারি বাণিজ্যিক ব্যাংকে চাকরির বিজ্ঞপ্তি,https://www.dhakapost.com/jobs-career/416815,bn,1,default
মোবাইল ব্যাংকিং,prf_hybrid,1,MTB Neo gets voice-assisted banking feature,https://www.newagebd.net/post/banking/284665/mtb-neo-gets-voice-assisted-banking-feature,en,1,default
মোবাইল ব্যাংকিং,prf_hybrid,2,"ঘরে বসে ক্লিকেই ঋণ আবেদন, জামানত ছাড়া মিলবে টাকা",https://www.prothomalo.com/business/bank/t2sqdmf6oh,bn,1,default
মোবাইল ব্যাংকিং,prf_hybrid,3,এখনো ৬৫ শতাংশ লেনদেন হয় নগদে,https://www.prothomalo.com/business/economics/fk997eykjz,bn,1,default
মোবাইল ব্যাংকিং,prf_hybrid,4,বিশ্বব্যাংকের নামে ভুয়া ফেসবুক খুলে প্রতারণার বিষয়ে সতর্কবার্তা,https://www.prothomalo.com/business/economics/2txje2xpl7,bn,0,default
মোবাইল ব্যাংকিং,prf_hybrid,5,Banks must become tech firms or perish next decade,https://www.thedailystar.net/business/economy/news/banks-must-become-tech-firms-or-perish-next-decade-3964181,en,1,default
মোবাইল ব্যাংকিং,prf_hybrid,6,যুক্তরাষ্ট্রে ব্যাংকিং লাইসেন্সের আবেদন করেছে পেপ্যাল,https://www.prothomalo.com/business/world-business/rcl1uuyip0,bn,1,default
মোবাইল ব্যাংকিং,prf_hybrid,7,"প্রবাসী আয়ে দ্বিতীয় স্থান ধরে রাখল কৃষি ব্যাংক, তিন ব্যাংকই এনেছে ৩৭%",https://www.prothomalo.com/business/bank/espn476s08,bn,0,default
মোবাইল ব্যাংকিং,prf_hybrid,8,"Premier Bank appoints Md Monzur Mofiz new AMD, MD (CC)",https://www.dhakatribune.com/business/banks/398710/premier-bank-appoints-md-monzur-mofiz-new-amd-md,en,0,default
মোবাইল ব্যাংকিং,prf_hybrid,9,Mobile handset traders will not repay bank loans amid protest against NEIR: Trade body,https://www.daily-sun.com/business/852405/mobile-handset-traders-will-not-repay-bank-loans-in-protest-against-neir-trade-body,en,0,default
মোবাইল ব্যাংকিং,prf_hybrid,10,এসবিএসি ব্যাংকের নতুন এমডি মঈনুল কবীর,https://www.prothomalo.com/business/bank/qpy1jud7le,bn,0,default
মোবাইল ব্যাংকিং,prf_hybrid,11,"নিয়োগ দিচ্ছে প্রাইম ব্যাংক, চলছে অনলাইনে আবেদন",https://www.dhakapost.com/jobs-career/416995,bn,0,default
মোবাইল ব্যাংকিং,prf_hybrid,12,Application date for digital bank extended,https://www.newagebd.net/post/banking/276150/application-date-for-digital-bank-extended,en,1,default
মোবাইল ব্যাংকিং,prf_hybrid,13,ঢাকার তেজগাঁও লিংক রোডে শাখা খুলেছে সিটিজেন্স ব্যাংক,https://www.prothomalo.com/business/corporate/du7j05wgxf,bn,0,default
মোবাইল ব্যাংকিং,prf_hybrid,14,Every person counts,https://www.dhakatribune.com/opinion/op-ed/397882/every-person-counts,en,0,default
মোবাইল ব্যাংকিং,prf_hybrid,15,দেশে ১০–১৫টি ব্যাংকই যথেষ্ট: গভর্নর,https://www.prothomalo.com/business/bank/rs1eai9bfh,bn,0,default
মোবাইল ব্যাংকিং,prf_hybrid,16,এক–দুই দিনের মধ্যে গ্রাহকের হিসাবে রেমিট্যান্স জমার নির্দেশ,https://www.prothomalo.com/business/bank/vkhjgoqdvv,bn,0,default
মোবাইল ব্যাংকিং,prf_hybrid,17,প্রাইম ব্যাংকের পে-রোল সেবা নেবে ফেইম গ্রুপ,https://www.prothomalo.com/business/corporate/d06kh060tz,bn,0,default
মোবাইল ব্যাংকিং,prf_hybrid,18,From promise to proof: Mutual Trust Bank’s 26-year journey of reliability,https://www.thedailystar.net/business/economy/news/promise-proof-mutual-trust-banks-26-year-journey-reliability-4018936,en,0,default
মোবাইল ব্যাংকিং,prf_hybrid,19,"নিয়োগ দেবে বাংলাদেশ নৌবাহিনী, অনলাইনে চলছে আবেদন",https://www.dhakapost.com/jobs-career/421684,bn,0,default
মোবাইল ব্যাংকিং,prf_hybrid,20,Islami Bank begins rebranding mCash,https://www.newagebd.net/post/banking/287858/islami-bank-begins-rebranding-mcash,en,1,default
মোবাইল ব্যাংকিং,prf_hybrid,21,ঋণ আদায়ে গতি আনতে ব্র্যাক ব্যাংকের ‘রিয়েল-টাইম ডিজিটাল লিটিগেশন টুল’ চালু,https://www.prothomalo.com/bangladesh/feqg363n3f,bn,1,default
মোবাইল ব্যাংকিং,prf_hybrid,22,জামানতের দেয়ালে আটকে আছে এসএমইদের ঋণ,https://www.prothomalo.com/business/analysis/si4dcsa9l4,bn,0,default
মোবাইল ব্যাংকিং,prf_hybrid,23,Islami Bank gets award for digital banking services,https://www.newagebd.net/post/banking/265020/islami-bank-gets-award-for-digital-banking-services,en,1,default
মোবাইল ব্যাংকিং,prf_hybrid,24,Southeast Bank hands over ‘Beton Card’ insurance claim cheque,https://www.dhakatribune.com/business/banks/400258/southeast-bank-hands-over-%E2%80%98beton-card%E2%80%99-insurance,en,0,default
মোবাইল ব্যাংকিং,prf_hybrid,25,Pubali Bank opens Tongi Industrial Area sub-branch,https://www.newagebd.net/post/banking/276850/pubali-bank-opens-tongi-industrial-area-sub-branch,en,0,default
মোবাইল ব্যাংকিং,prf_hybrid,26,Bridging our digital divide,https://www.dhakatribune.com/opinion/op-ed/399068/bridging-our-digital-divide,en,1,default
মোবাইল ব্যাংকিং,prf_hybrid,27,"নিয়োগ দিচ্ছে সিটি ব্যাংক, চাকরি পেতে অনলাইনে আবেদন করুন",https://www.dhakapost.com/jobs-career/420001,bn,0,default
মোবাইল ব্যাংকিং,prf_hybrid,28,Experts call for supportive policies for digital banking,https://www.newagebd.net/post/banking/277137/experts-call-for-supportive-policies-for-digital-banking,en,1,default
মোবাইল ব্যাংকিং,prf_hybrid,29,Bank Asia celebrates 17th anniversary of its Islamic banking services,https://www.dhakatribune.com/business/banks/399737/bank-asia-celebrates-17th-anniversary-of-its,en,0,default
মোবাইল ব্যাংকিং,prf_hybrid,30,Southeast Bank holds ‘Agent Banking Conference 2026’ for Dhaka Zone,https://www.dhakatribune.com/business/401205/southeast-bank-holds-%E2%80%98agent-banking-conference,en,1,default
মোবাইল ব্যাংকিং,prf_hybrid,31,Mobile phone ownership boosts rural incomes in Bangladesh,https://www.thedailystar.net/business/economy/news/mobile-phone-ownership-boosts-rural-incomes-bangladesh-4028926,en,1,default
মোবাইল ব্যাংকিং,prf_hybrid,32,"স্নাতক পাসেই নিয়োগ দিচ্ছে প্রাইম ব্যাংক, চলছে আবেদন",https://www.dhakapost.com/jobs-career/416734,bn,0,default
মোবাইল ব্যাংকিং,prf_hybrid,33,BRAC Bank signs deal with Edison Industries,https://www.newagebd.net/post/banking/277044/brac-bank-signs-deal-with-edison-industries,en,0,default
মোবাইল ব্যাংকিং,prf_hybrid,34,BRAC Bank ATMs at 5 MRT stations now operational,https://www.newagebd.net/post/banking/286258/brac-bank-atms-at-5-mrt-stations-now-operational,en,0,default
মোবাইল ব্যাংকিং,prf_hybrid,35,"প্রাইভেট ব্যাংকে নিয়োগ বিজ্ঞপ্তি, ৪৩ বছরেও আবেদন করুন",https://www.dhakapost.com/jobs-career/418174,bn,0,default
মোবাইল ব্যাংকিং,prf_hybrid,36,নির্বাচনের প্রার্থীদের জন্য শনিবার সব ব্যাংক খোলা থাকবে,https://www.prothomalo.com/business/42xfxwr55y,bn,0,default
মোবাইল ব্যাংকিং,prf_hybrid,37,"Prime Bank launches sub-branch at Nikunja, Dhaka",https://www.newagebd.net/post/banking/246672/prime-bank-launches-sub-branch-at-nikunja-dhaka,en,0,default
মোবাইল ব্যাংকিং,prf_hybrid,38,মিউচুয়াল ট্রাস্ট ব্যাংকের টাউন হল সম্মেলন,https://www.prothomalo.com/business/corporate/1o313c1ne1,bn,0,default
মোবাইল ব্যাংকিং,prf_hybrid,39,‘হ্যাঁ’ ভোটের পক্ষে ব্যাংকে ব্যানার টানানোর নির্দেশ,https://www.banglatribune.com/national/929696/%E2%80%98%E0%A6%B9%E0%A7%8D%E0%A6%AF%E0%A6%BE%E0%A6%81%E2%80%99-%E0%A6%AD%E0%A7%8B%E0%A6%9F%E0%A7%87%E0%A6%B0-%E0%A6%AA%E0%A6%95%E0%A7%8D%E0%A6%B7%E0%A7%87-%E0%A6%AC%E0%A7%8D%E0%A6%AF%E0%A6%BE%E0%A6%82%E0%A6%95%E0%A7%87-%E0%A6%AC%E0%A7%8D%E0%A6%AF%E0%A6%BE%E0%A6%A8%E0%A6%BE%E0%A6%B0-%E0%A6%9F%E0%A6%BE%E0%A6%99%E0%A6%BE%E0%A6%A8%E0%A7%8B%E0%A6%B0,bn,0,default
মোবাইল ব্যাংকিং,prf_hybrid,40,"MIOB: Illegal phones deprive govt of 6,000C in annual revenue",https://www.dhakatribune.com/business/400424/illegal-phones-deprive-govt-of-6-000c-in-annual,en,0,default
মোবাইল ব্যাংকিং,prf_hybrid,41,Trade body calls indefinite shutdown of mobile phone shops,https://www.daily-sun.com/law-&-Order/849415/trade-body-calls-indefinite-shut-down-of-mobile-phone-shops,en,0,default
মোবাইল ব্যাংকিং,prf_hybrid,42,Mercantile Bank signs deal with BHBFC,https://www.newagebd.net/post/banking/276857/mercantile-bank-signs-deal-with-bhbfc,en,0,default
মোবাইল ব্যাংকিং,prf_hybrid,43,"১০ কোটি টাকা ঋণ পাবেন নারী উদ্যোক্তারা, ব্র্যাক ব্যাংকের ‘তারা’ সেবায় যা আছে",https://www.prothomalo.com/business/personal-finance/l7auelbxm4,bn,0,default
মোবাইল ব্যাংকিং,prf_hybrid,44,NBR begins large tax payments via MFS,https://www.dhakatribune.com/business/400819/nbr-begins-large-tax-payments-via-mfs,en,1,default
মোবাইল ব্যাংকিং,prf_hybrid,45,bKash introduces one-tap mobile recharge feature,https://www.thedailystar.net/business/economy/news/bkash-introduces-one-tap-mobile-recharge-feature-3947481,en,1,default
মোবাইল ব্যাংকিং,prf_hybrid,46,World Bank warns of fraud schemes misusing its name,https://www.daily-sun.com/business/850574/world-bank-warns-of-fraud-schemes-misusing-its-name,en,0,default
মোবাইল ব্যাংকিং,prf_hybrid,47,"BB’s Customer Awareness Week, CTG-2025 begins in Cox’s Bazar",https://www.dhakatribune.com/business/banks/398718/bb%E2%80%99s-customer-awareness-week-ctg-2025-begins-in,en,0,default
মোবাইল ব্যাংকিং,prf_hybrid,48,"AB Bank, BB launch entrepreneurship dev programme",https://www.newagebd.net/post/banking/274518/ab-bank-bb-launch-entrepreneurship-dev-programme,en,0,default
মোবাইল ব্যাংকিং,prf_hybrid,49,প্রাইম ব্যাংকে চাকরি পেতে দ্রুত আবেদন করুন,https://www.dhakapost.com/jobs-career/421124,bn,0,default
মোবাইল ব্যাংকিং,prf_hybrid,50,"BB governor: Islamic banking not just religious sentiment, but complete economic system",https://www.dhakatribune.com/business/banks/400727/bb-governor-islamic-banking-not-just-religious,en,0,default
Doctor মুহাম্মদ ইউনূস,prf_hybrid,1,BNP delegation to meet Yunus this evening,https://www.newagebd.net/post/politics/251333/bnp-delegation-to-meet-yunus-this-evening,en,1,default
Doctor মুহাম্মদ ইউনূস,prf_hybrid,2,"Tarique Rahman, family convey greetings to CA Yunus",https://www.dhakatribune.com/bangladesh/401236/tarique-rahman-family-convey-greetings-to-ca,en,1,default
Doctor মুহাম্মদ ইউনূস,prf_hybrid,3,প্রধান উপদেষ্টার সঙ্গে সাক্ষাৎ করতে যমুনায় তারেক রহমান,https://www.dhakapost.com/politics/424171,bn,1,default
Doctor মুহাম্মদ ইউনূস,prf_hybrid,4,"ভোট ১২ ফেব্রুয়ারি, এক দিন আগেও নয়, পরেও নয়: অধ্যাপক ইউনূস",https://www.prothomalo.com/politics/zagwcym6c9,bn,1,default
Doctor মুহাম্মদ ইউনূস,prf_hybrid,5,প্রধান উপদেষ্টার সঙ্গে প্রায় ২ ঘণ্টা সাক্ষাৎ তারেক রহমানের,https://www.dhakapost.com/politics/424196,bn,1,default
Doctor মুহাম্মদ ইউনূস,prf_hybrid,6,Nepal Foreign Minister calls on CA,https://www.daily-sun.com/diplomacy/849047/nepal-foreign-minister-calls-on-ca,en,1,default
Doctor মুহাম্মদ ইউনূস,prf_hybrid,7,"প্রধান উপদেষ্টার সঙ্গে সাক্ষাতে যমুনায় তারেক রহমান, সঙ্গে আছেন জুবাইদা ও জাইমা",https://www.prothomalo.com/politics/8zsafcdjjj,bn,1,default
Doctor মুহাম্মদ ইউনূস,prf_hybrid,8,প্রধান উপদেষ্টার সঙ্গে সাক্ষাৎ করলেন তারেক রহমান,https://www.prothomalo.com/politics/tkyfzdozj2,bn,1,default
Doctor মুহাম্মদ ইউনূস,prf_hybrid,9,Law and order must be maintained before election: Prof Yunus,https://www.daily-sun.com/law-&-Order/847475/law-and-order-must-be-maintained-before-election-prof-yunus,en,1,default
Doctor মুহাম্মদ ইউনূস,prf_hybrid,10,CA visits July Uprising Memorial Museum,https://www.daily-sun.com/bangladesh/852921/ca-visits-july-uprising-memorial-museum,en,1,default
Doctor মুহাম্মদ ইউনূস,prf_hybrid,11,CA visits July Uprising Memorial Museum,https://www.daily-sun.com/bangladesh/852921/ca-visits-july-uprising-memorial-museum,en,1,default
Doctor মুহাম্মদ ইউনূস,prf_hybrid,12,Chief adviser to hold dialogue on nat’l unity with politicians Wednesday,https://www.newagebd.net/post/politics/251900/chief-adviser-to-hold-dialogue-on-natl-unity-with-politicians-wednesday,en,1,default
Doctor মুহাম্মদ ইউনূস,prf_hybrid,13,আমি নিশ্চিত তরুণ রাজনীতিকরা কেউ কেউ নির্বাচিত হবেন: প্রধান উপদেষ্টা,https://www.banglatribune.com/national/929877/%E0%A6%86%E0%A6%AE%E0%A6%BF-%E0%A6%A8%E0%A6%BF%E0%A6%B6%E0%A7%8D%E0%A6%9A%E0%A6%BF%E0%A6%A4-%E0%A6%A4%E0%A6%B0%E0%A7%81%E0%A6%A3-%E0%A6%B0%E0%A6%BE%E0%A6%9C%E0%A6%A8%E0%A6%BF%E0%A6%A4%E0%A6%BF%E0%A6%95%E0%A6%B0%E0%A6%BE-%E0%A6%95%E0%A7%87%E0%A6%89-%E0%A6%95%E0%A7%87%E0%A6%89-%E0%A6%A8%E0%A6%BF%E0%A6%B0%E0%A7%8D%E0%A6%AC%E0%A6%BE%E0%A6%9A%E0%A6%BF%E0%A6%A4,bn,1,default
Doctor মুহাম্মদ ইউনূস,prf_hybrid,14,Yunus stresses need for establishing dedicated Microcredit Bank,https://www.newagebd.net/post/banking/265103/yunus-stresses-need-for-establishing-dedicated-microcredit-bank,en,1,default
Doctor মুহাম্মদ ইউনূস,prf_hybrid,15,CA expresses shock over devastating train accident in Spain,https://www.daily-sun.com/diplomacy/852893/ca-expresses-shock-over-devastating-train-accident-in-spain,en,1,default
Doctor মুহাম্মদ ইউনূস,prf_hybrid,16,ইউনূস স্যারকে দিয়ে হাতিয়ার ব্লকবাঁধের জন্য ২১০০ কোটি টাকা বরাদ্দ করিয়েছি,https://www.dhakapost.com/country/415792,bn,1,default
Doctor মুহাম্মদ ইউনূস,prf_hybrid,17,Pakistan’s National Assembly Speaker calls on CA,https://www.daily-sun.com/diplomacy/849050/pakistan-s-national-assembly-speaker-calls-on-ca,en,1,default
Doctor মুহাম্মদ ইউনূস,prf_hybrid,18,"3-day state mourning at Khaleda Zia’s death, general holiday tomorrow: CA",https://dailynewnation.com/news/793213/,en,1,default
Doctor মুহাম্মদ ইউনূস,prf_hybrid,19,CA mourns deaths in Switzerland fire,https://www.daily-sun.com/diplomacy/849572/ca-mourns-deaths-in-switzerland-fire,en,1,default
Doctor মুহাম্মদ ইউনূস,prf_hybrid,20,"১২ ফেব্রুয়ারিই নির্বাচন, মার্কিন কূটনীতিকদের বললেন প্রধান উপদেষ্টা",https://www.dhakapost.com/national/423820,bn,1,default
Doctor মুহাম্মদ ইউনূস,prf_hybrid,21,জুলাই বিপ্লবে নেপথ্যের সেই আমলা বঞ্চিত কেন,https://www.kalerkantho.com/online/national/2026/01/21/1636563,bn,1,default
Doctor মুহাম্মদ ইউনূস,prf_hybrid,22,প্রধান উপদেষ্টার সঙ্গে সাক্ষাৎ শেষে বেরিয়ে গেছেন তারেক রহমান,https://www.banglatribune.com/politics/bnp/930168/%E0%A6%AF%E0%A6%AE%E0%A7%81%E0%A6%A8%E0%A6%BE-%E0%A6%A5%E0%A7%87%E0%A6%95%E0%A7%87-%E0%A6%AC%E0%A7%87%E0%A6%B0%E0%A6%BF%E0%A7%9F%E0%A7%87-%E0%A6%97%E0%A7%87%E0%A6%9B%E0%A7%87%E0%A6%A8-%E0%A6%A4%E0%A6%BE%E0%A6%B0%E0%A7%87%E0%A6%95-%E0%A6%B0%E0%A6%B9%E0%A6%AE%E0%A6%BE%E0%A6%A8,bn,1,default
Doctor মুহাম্মদ ইউনূস,prf_hybrid,23,Prof Yunus welcomes growing Bangladesh-Pakistan engagement,https://dailynewnation.com/news/792654/,en,1,default
Doctor মুহাম্মদ ইউনূস,prf_hybrid,24,অতীতে নির্বাচনের মাধ্যমে পুরো জাতিকেই শাস্তি দেওয়া হয়েছে: প্রধান উপদেষ্টা,https://www.banglatribune.com/national/929789/%E0%A6%A8%E0%A6%BF%E0%A6%B0%E0%A7%8D%E0%A6%AC%E0%A6%BE%E0%A6%9A%E0%A6%A8%E0%A7%87%E0%A6%B0-%E0%A6%AE%E0%A6%BE%E0%A6%A7%E0%A7%8D%E0%A6%AF%E0%A6%AE%E0%A7%87-%E0%A6%AA%E0%A7%81%E0%A6%B0%E0%A7%8B-%E0%A6%9C%E0%A6%BE%E0%A6%A4%E0%A6%BF%E0%A6%95%E0%A7%87%E0%A6%87-%E0%A6%B6%E0%A6%BE%E0%A6%B8%E0%A7%8D%E0%A6%A4%E0%A6%BF-%E0%A6%A6%E0%A7%87%E0%A6%93%E0%A7%9F%E0%A6%BE,bn,1,default
Doctor মুহাম্মদ ইউনূস,prf_hybrid,25,"নির্বাচন কতটা সুষ্ঠু হবে, তা নিয়ে শঙ্কার কথা জানাল এনসিপি",https://www.prothomalo.com/politics/vyvil4rvpz,bn,1,default
Doctor মুহাম্মদ ইউনূস,prf_hybrid,26,Yunus–Tarique meeting paves peace: BNP,https://www.newagebd.net/post/politics/267900/yunustarique-meeting-paves-peace-bnp,en,1,default
Doctor মুহাম্মদ ইউনূস,prf_hybrid,27,Khaleda Zia’s namaz-e-janaza Wednesday at JS compound: Fakhrul,https://dailynewnation.com/news/793179/,en,1,default
Doctor মুহাম্মদ ইউনূস,prf_hybrid,28,প্রধান উপদেষ্টার সঙ্গে বৈঠক করতে যমুনায় জামায়াতের নেতারা,https://www.prothomalo.com/politics/raa5o2y5sk,bn,1,default
Doctor মুহাম্মদ ইউনূস,prf_hybrid,29,Fakhrul returns home from KSA,https://www.newagebd.net/post/politics/234644/fakhrul-returns-home-from-ksa,en,0,default
Doctor মুহাম্মদ ইউনূস,prf_hybrid,30,Trust official Sirajul passes away,https://dailynewnation.com/news/792768/,en,0,default
Doctor মুহাম্মদ ইউনূস,prf_hybrid,31,আ. লীগ ভুল স্বীকার করলে রিকনসিলিয়েশন সম্ভব: প্রধান উপদেষ্টা,https://www.banglatribune.com/national/929965/%E0%A7%A7%E0%A7%A8-%E0%A6%AB%E0%A7%87%E0%A6%AC%E0%A7%8D%E0%A6%B0%E0%A7%81%E0%A6%AF%E0%A6%BC%E0%A6%BE%E0%A6%B0%E0%A6%BF%E0%A6%A4%E0%A7%87%E0%A6%87-%E0%A6%A8%E0%A6%BF%E0%A6%B0%E0%A7%8D%E0%A6%AC%E0%A6%BE%E0%A6%9A%E0%A6%A8-%E0%A6%B9%E0%A6%AC%E0%A7%87-%E0%A6%AE%E0%A6%BE%E0%A6%B0%E0%A7%8D%E0%A6%95%E0%A6%BF%E0%A6%A8,bn,1,default
Doctor মুহাম্মদ ইউনূস,prf_hybrid,32,UN rights chief offers support to combat election misinformation,https://www.daily-sun.com/diplomacy/851542/un-rights-chief-offers-support-to-combat-election-misinformation,en,1,default
Doctor মুহাম্মদ ইউনূস,prf_hybrid,33,BNP urges Yunus to take steps for national unity,https://www.newagebd.net/post/politics/251359/bnp-urges-yunus-to-take-steps-for-national-unity,en,1,default
Doctor মুহাম্মদ ইউনূস,prf_hybrid,34,সন্ধ্যায় প্রধান উপদেষ্টার সঙ্গে সাক্ষাৎ করবেন জামায়াতের আমির,https://www.banglatribune.com/politics/jamat-e-islam/930394/%E0%A6%B8%E0%A6%A8%E0%A7%8D%E0%A6%A7%E0%A7%8D%E0%A6%AF%E0%A6%BE%E0%A7%9F-%E0%A6%AA%E0%A7%8D%E0%A6%B0%E0%A6%A7%E0%A6%BE%E0%A6%A8-%E0%A6%89%E0%A6%AA%E0%A6%A6%E0%A7%87%E0%A6%B7%E0%A7%8D%E0%A6%9F%E0%A6%BE%E0%A6%B0-%E0%A6%B8%E0%A6%99%E0%A7%8D%E0%A6%97%E0%A7%87-%E0%A6%B8%E0%A6%BE%E0%A6%95%E0%A7%8D%E0%A6%B7%E0%A6%BE%E0%A7%8E-%E0%A6%95%E0%A6%B0%E0%A6%AC%E0%A7%87%E0%A6%A8,bn,1,default
Doctor মুহাম্মদ ইউনূস,prf_hybrid,35,CA Yunus: Stamp ‘Yes’ in referendum to open door to new Bangladesh,https://www.dhakatribune.com/bangladesh/401357/ca-yunus-stamp-%E2%80%98yes%E2%80%99-in-referendum-to-open-door,en,1,default
Doctor মুহাম্মদ ইউনূস,prf_hybrid,36,"লেভেল প্লেয়িং ফিল্ড নিয়ে সমস্যা দেখছি না, ইইউ পর্যবেক্ষক দলকে প্রধান উপদেষ্টা",https://www.banglatribune.com/national/929642/%E0%A6%B2%E0%A7%87%E0%A6%AD%E0%A7%87%E0%A6%B2-%E0%A6%AA%E0%A7%8D%E0%A6%B2%E0%A7%87%E0%A7%9F%E0%A6%BF%E0%A6%82-%E0%A6%AB%E0%A6%BF%E0%A6%B2%E0%A7%8D%E0%A6%A1-%E0%A6%A8%E0%A6%BF%E0%A7%9F%E0%A7%87-%E0%A6%B8%E0%A6%AE%E0%A6%B8%E0%A7%8D%E0%A6%AF%E0%A6%BE-%E0%A6%A6%E0%A7%87%E0%A6%96%E0%A6%9B%E0%A6%BF-%E0%A6%A8%E0%A6%BE-%E0%A6%87%E0%A6%87%E0%A6%89,bn,1,default
Doctor মুহাম্মদ ইউনূস,prf_hybrid,37,ড. ইউনূস-ভলকার টুর্ক ফোনালাপ: গুজব মোকাবিলায় সহায়তার আশ্বাস,https://www.banglatribune.com/national/929922/%E0%A6%A1.-%E0%A6%87%E0%A6%89%E0%A6%A8%E0%A7%82%E0%A6%B8%E2%80%93%E0%A6%AD%E0%A6%B2%E0%A6%95%E0%A6%BE%E0%A6%B0-%E0%A6%9F%E0%A7%81%E0%A6%B0%E0%A7%8D%E0%A6%95-%E0%A6%AB%E0%A7%8B%E0%A6%A8%E0%A6%BE%E0%A6%B2%E0%A6%BE%E0%A6%AA-%E0%A6%97%E0%A7%81%E0%A6%9C%E0%A6%AC-%E0%A6%AE%E0%A7%8B%E0%A6%95%E0%A6%BE%E0%A6%AC%E0%A6%BF%E0%A6%B2%E0%A6%BE%E0%A7%9F,bn,1,default
Doctor মুহাম্মদ ইউনূস,prf_hybrid,38,BNP seeks polls timeline after CA-CEC meeting: Rizvi,https://www.newagebd.net/post/politics/268465/bnp-seeks-polls-timeline-after-ca-cec-meeting-rizvi,en,1,default
Doctor মুহাম্মদ ইউনূস,prf_hybrid,39,Bangladesh Krishi Bank achieves ‘Remittance Award-2025’,https://www.dhakatribune.com/business/banks/399010/bangladesh-krishi-bank-achieves-%E2%80%98remittance,en,0,default
Doctor মুহাম্মদ ইউনূস,prf_hybrid,40,"নির্বাচনকে সামনে রেখে পরীক্ষা শুরু হলো, ১২ ফেব্রুয়ারি হবে ফাইনাল: প্রধান উপদেষ্টা",https://www.prothomalo.com/bangladesh/kp4j0ghkc2,bn,1,default
Doctor মুহাম্মদ ইউনূস,prf_hybrid,41,"Elections will be held on 12 February, CA tells US diplomats",https://www.daily-sun.com/diplomacy/851670/elections-will-be-held-on-12-february-chief-adviser-tells-us-diplomats,en,1,default
Doctor মুহাম্মদ ইউনূস,prf_hybrid,42,সন্ধ্যায় প্রধান উপদেষ্টার সঙ্গে বৈঠক করবে জামায়াত,https://www.prothomalo.com/politics/0oqx68qdhr,bn,1,default
Doctor মুহাম্মদ ইউনূস,prf_hybrid,43,"No room for bias in election, says CA Yunus to NCP leaders",https://www.dhakatribune.com/bangladesh/election/401365/no-room-for-bias-in-election-says-ca-yunus-to-ncp,en,1,default
Doctor মুহাম্মদ ইউনূস,prf_hybrid,44,Jaamat calls for national unity,https://www.newagebd.net/post/politics/251490/jaamat-calls-for-national-unity,en,1,default
Doctor মুহাম্মদ ইউনূস,prf_hybrid,45,বিএসসিকে লাভজনক প্রতিষ্ঠান থাকতে হবে: প্রধান উপদেষ্টা,https://www.banglatribune.com/national/929971/%E0%A6%AC%E0%A6%BF%E0%A6%8F%E0%A6%B8%E0%A6%B8%E0%A6%BF%E0%A6%95%E0%A7%87-%E0%A6%B2%E0%A6%BE%E0%A6%AD%E0%A6%9C%E0%A6%A8%E0%A6%95-%E0%A6%AA%E0%A7%8D%E0%A6%B0%E0%A6%A4%E0%A6%BF%E0%A6%B7%E0%A7%8D%E0%A6%A0%E0%A6%BE%E0%A6%A8-%E0%A6%A5%E0%A6%BE%E0%A6%95%E0%A6%A4%E0%A7%87-%E0%A6%B9%E0%A6%AC%E0%A7%87-%E0%A6%AA%E0%A7%8D%E0%A6%B0%E0%A6%A7%E0%A6%BE%E0%A6%A8,bn,1,default
Doctor মুহাম্মদ ইউনূস,prf_hybrid,46,"IAB leaders, activists gathering at Suhrawardy Udyan to join grand rally",https://www.newagebd.net/post/politics/268461/iab-leaders-activists-gathering-at-suhrawardy-udyan-to-join-grand-rally,en,0,default
Doctor মুহাম্মদ ইউনূস,prf_hybrid,47,প্রধান উপদেষ্টার সঙ্গে আজ সাক্ষাৎ করবেন তারেক রহমান,https://www.prothomalo.com/bangladesh/wpfeegg17u,bn,1,default
Doctor মুহাম্মদ ইউনূস,prf_hybrid,48,Jamaat delegates meet Chief Adviser,https://www.dhakatribune.com/bangladesh/politics/401284/jamaat-delegates-meet-chief-adviser,en,1,default
Doctor মুহাম্মদ ইউনূস,prf_hybrid,49,যমুনায় জামায়াতের প্রতিনিধিদল,https://www.banglatribune.com/politics/jamat-e-islam/930448/%E0%A6%AF%E0%A6%AE%E0%A7%81%E0%A6%A8%E0%A6%BE%E0%A7%9F-%E0%A6%9C%E0%A6%BE%E0%A6%AE%E0%A6%BE%E0%A7%9F%E0%A6%BE%E0%A6%A4%E0%A7%87%E0%A6%B0-%E0%A6%AA%E0%A7%8D%E0%A6%B0%E0%A6%A4%E0%A6%BF%E0%A6%A8%E0%A6%BF%E0%A6%A7%E0%A6%BF%E0%A6%A6%E0%A6%B2,bn,1,default
Doctor মুহাম্মদ ইউনূস,prf_hybrid,50,যমুনায় জামায়াতের প্রতিনিধিদল,https://www.banglatribune.com/politics/jamat-e-islam/930448/%E0%A6%AF%E0%A6%AE%E0%A7%81%E0%A6%A8%E0%A6%BE%E0%A7%9F-%E0%A6%9C%E0%A6%BE%E0%A6%AE%E0%A6%BE%E0%A7%9F%E0%A6%BE%E0%A6%A4%E0%A7%87%E0%A6%B0-%E0%A6%AA%E0%A7%8D%E0%A6%B0%E0%A6%A4%E0%A6%BF%E0%A6%A8%E0%A6%BF%E0%A6%A7%E0%A6%BF%E0%A6%A6%E0%A6%B2,bn,1,default
ঢাকা protest,prf_hybrid,1,গণতান্ত্রিক যুক্তফ্রন্টের মার্কিন দূতাবাস ঘেরাও কর্মসূচিতে পুলিশের বাধা,https://www.prothomalo.com/politics/zdc29t1iqq,bn,1,default
ঢাকা protest,prf_hybrid,2,ভেনেজুয়েলায় মার্কিন সাম্রাজ্যবাদী আগ্রাসন বন্ধের দাবিতে রাজধানীতে বিক্ষোভ-সমাবেশ,https://www.prothomalo.com/politics/vof80jgg3w,bn,1,default
ঢাকা protest,prf_hybrid,3,"Inqilab Mancha calls for nationwide protests, rallies on Friday",https://www.dhakatribune.com/bangladesh/401091/inqilab-moncho-calls-for-nationwide-protests,en,1,default
ঢাকা protest,prf_hybrid,4,Inqilab Mancha holds protest march demanding justice for Hadi,https://www.dhakatribune.com/bangladesh/401133/inquilab-mancha-holds-protest-march-for-hadi,en,1,default
ঢাকা protest,prf_hybrid,5,প্রথম আলো–ডেইলি স্টারে হামলার নিন্দা ব্যবসায়ীদের,https://www.prothomalo.com/business/cbhey4gvct,bn,1,default
ঢাকা protest,prf_hybrid,6,Media conference in capital Saturday,https://www.dhakatribune.com/bangladesh/401162/media-conference-in-the-capital-on-saturday,en,1,default
ঢাকা protest,prf_hybrid,7,ওসমান হাদির ওপর গুলি নির্বাচন বানচালের চক্রান্তের অংশ : বুলবুল,https://www.dhakapost.com/politics/416214,bn,1,default
ঢাকা protest,prf_hybrid,8,BCL burns Yunus’ photo after brief procession,https://www.newagebd.net/post/politics/251610/bcl-burns-yunus-photo-after-brief-procession,en,1,default
ঢাকা protest,prf_hybrid,9,BNP wings’ march vows to protect sovereignty,https://www.newagebd.net/post/politics/252538/bnp-wings-march-vows-to-protect-sovereignty,en,1,default
ঢাকা protest,prf_hybrid,10,"Battery-powered autorickshaw drivers block Badda road, traffic halted",https://www.dhakatribune.com/bangladesh/dhaka/401324/battery-powered-autorickshaw-drivers-block-badda,en,1,default
ঢাকা protest,prf_hybrid,11,Protest erupts over shoddy road work,https://dailynewnation.com/news/796249/,en,1,default
ঢাকা protest,prf_hybrid,12,ভবানীপুর আসনে মমতাকে হারানোর ঘোষণা শুভেন্দু অধিকারীর,https://www.prothomalo.com/world/india/7ts8skhca9,bn,0,default
ঢাকা protest,prf_hybrid,13,Unite to foil conspiracies against interim govt : Ganosamhati,https://www.newagebd.net/post/politics/251576/unite-to-foil-conspiracies-against-interim-govt-ganosamhati,en,1,default
ঢাকা protest,prf_hybrid,14,গণমাধ্যম সম্মিলন শুরু,https://www.prothomalo.com/bangladesh/05x8jiqz1w,bn,1,default
ঢাকা protest,prf_hybrid,15,Stop attack on left party rallies: LDA,https://www.newagebd.net/post/politics/251297/stop-attack-on-left-party-rallies-lda,en,1,default
ঢাকা protest,prf_hybrid,16,"Soldier, protester killed in clashes in Pakistan",https://www.newagebd.net/post/asia/241162/soldier-protester-killed-in-clashes-in-pakistan,en,0,default
ঢাকা protest,prf_hybrid,17,তৃণমূলের পরামর্শক প্রতিষ্ঠান আই–প্যাকে ইডির তল্লাশির প্রতিবাদে মমতার নেতৃত্বে কলকাতায় বিক্ষোভ,https://www.prothomalo.com/world/india/woohet66mb,bn,0,default
ঢাকা protest,prf_hybrid,18,রিজভীর মিথ্যা-ভিত্তিহীন বক্তব্যের তীব্র নিন্দা-প্রতিবাদ জামায়াতের,https://www.dhakapost.com/politics/416406,bn,1,default
ঢাকা protest,prf_hybrid,19,"দীপু দাসকে পুড়িয়ে হত্যার প্রতিবাদে বিক্ষোভ, সব আসামিকে গ্রেফতারে আলটিমেটাম",https://www.banglatribune.com/country/mymensing/927387/%E0%A6%A6%E0%A7%80%E0%A6%AA%E0%A7%81-%E0%A6%A6%E0%A6%BE%E0%A6%B8%E0%A6%95%E0%A7%87-%E0%A6%AA%E0%A7%81%E0%A7%9C%E0%A6%BF%E0%A7%9F%E0%A7%87-%E0%A6%B9%E0%A6%A4%E0%A7%8D%E0%A6%AF%E0%A6%BE%E0%A6%B0-%E0%A6%AA%E0%A7%8D%E0%A6%B0%E0%A6%A4%E0%A6%BF%E0%A6%AC%E0%A6%BE%E0%A6%A6%E0%A7%87-%E0%A6%AC%E0%A6%BF%E0%A6%95%E0%A7%8D%E0%A6%B7%E0%A7%8B%E0%A6%AD-%E0%A6%B8%E0%A6%AC,bn,1,default
ঢাকা protest,prf_hybrid,20,ওসমান হাদির ওপর গুলির প্রতিবাদে জেলায় জেলায় বিক্ষোভ,https://www.banglatribune.com/country/926197/%E0%A6%93%E0%A6%B8%E0%A6%AE%E0%A6%BE%E0%A6%A8-%E0%A6%B9%E0%A6%BE%E0%A6%A6%E0%A6%BF%E0%A6%B0-%E0%A6%93%E0%A6%AA%E0%A6%B0-%E0%A6%97%E0%A7%81%E0%A6%B2%E0%A6%BF%E0%A6%B0-%E0%A6%AA%E0%A7%8D%E0%A6%B0%E0%A6%A4%E0%A6%BF%E0%A6%AC%E0%A6%BE%E0%A6%A6%E0%A7%87-%E0%A6%9C%E0%A7%87%E0%A6%B2%E0%A6%BE%E0%A7%9F-%E0%A6%9C%E0%A7%87%E0%A6%B2%E0%A6%BE%E0%A7%9F,bn,1,default
ঢাকা protest,prf_hybrid,21,London police using withdrawn powers to clamp down on pro-Palestine rallies,https://dailynewnation.com/news/790841/,en,0,default
ঢাকা protest,prf_hybrid,22,"Students take campus by storm as Sucsu polls halted; VC, pro-VC released after 13hrs",https://www.dhakatribune.com/bangladesh/nation/401389/students-take-campus-by-storm-as-sucsu-polls,en,0,default
ঢাকা protest,prf_hybrid,23,ট্রাম্পের অভিবাসন নীতির প্রতিবাদে যুক্তরাষ্ট্রের শহরে শহরে বিক্ষোভ,https://www.prothomalo.com/world/usa/i0gxtu4veh,bn,0,default
ঢাকা protest,prf_hybrid,24,Roadblock on Dhaka-Ctg highway Protest over Hadi murder,https://dailynewnation.com/news/792765/,en,1,default
ঢাকা protest,prf_hybrid,25,Iqilab Moncho announces blockades in all divisional cities on Sunday,https://www.daily-sun.com/law-&-Order/848480/iqilab-moncho-announces-blockade-in-all-divisional-cities-on-sunday,en,1,default
ঢাকা protest,prf_hybrid,26,"বিজয় দিবসের মঞ্চে ‘জয় বাংলা, জয় বঙ্গবন্ধু’ স্লোগান মুক্তিযোদ্ধার, অনুষ্ঠান স্থগিত",https://www.banglatribune.com/country/mymensing/926717/%E0%A6%AC%E0%A6%BF%E0%A6%9C%E0%A7%9F-%E0%A6%A6%E0%A6%BF%E0%A6%AC%E0%A6%B8%E0%A7%87%E0%A6%B0-%E0%A6%AE%E0%A6%9E%E0%A7%8D%E0%A6%9A%E0%A7%87-%E2%80%98%E0%A6%9C%E0%A7%9F-%E0%A6%AC%E0%A6%BE%E0%A6%82%E0%A6%B2%E0%A6%BE-%E0%A6%9C%E0%A7%9F-%E0%A6%AC%E0%A6%99%E0%A7%8D%E0%A6%97%E0%A6%AC%E0%A6%A8%E0%A7%8D%E0%A6%A7%E0%A7%81%E2%80%99-%E0%A6%B8%E0%A7%8D%E0%A6%B2%E0%A7%8B%E0%A6%97%E0%A6%BE%E0%A6%A8,bn,0,default
ঢাকা protest,prf_hybrid,27,"7 college students halt blockades in Dhaka, to resume demos Thursday",https://www.daily-sun.com/law-&-Order/851683/7-college-students-halt-blockades-in-dhaka-to-resume-demos-thursday,en,1,default
ঢাকা protest,prf_hybrid,28,জামায়াত নেতা খুনের ঘটনা প্রমাণ করে নিরাপত্তা পরিস্থিতির চরম অবনতি ঘটেছে,https://www.dhakapost.com/politics/423766,bn,1,default
ঢাকা protest,prf_hybrid,29,Left parties end Dhaka-Ctg road march,https://www.newagebd.net/post/politics/268518/left-parties-end-dhaka-ctg-road-march,en,1,default
ঢাকা protest,prf_hybrid,30,Iran protest movement subsides in face of brutal crackdown,https://www.dhakatribune.com/world/middle-east/401145/iran-protest-movement-subsides-in-face-of-brutal,en,0,default
ঢাকা protest,prf_hybrid,31,Students demand justice for Hadi,https://dailynewnation.com/news/797404/,en,1,default
ঢাকা protest,prf_hybrid,32,Will continue protest at Shahbagh demanding justice for Hadi: Inqilab Moncho,https://www.daily-sun.com/law-&-Order/848453/will-continue-protest-at-shahbagh-demanding-justice-for-hadi-inqilab-moncho,en,1,default
ঢাকা protest,prf_hybrid,33,I never dreamt of this Bangladesh: Mirza Fakhrul,https://www.daily-sun.com/law-&-Order/847491/attacks-on-daily-star-prothom-alo-an-assault-on-democracy-fakhrul,en,1,default
ঢাকা protest,prf_hybrid,34,Symbolic protest against joint statement: Jamaat,https://www.newagebd.net/post/politics/267671/symbolic-protest-against-joint-statement-jamaat,en,1,default
ঢাকা protest,prf_hybrid,35,‘হাদির ওপর হামলাকারীদের দাঁতভাঙা জবাব দেওয়া হবে’,https://www.banglatribune.com/country/rajshahi/926158/%E2%80%98%E0%A6%B9%E0%A6%BE%E0%A6%A6%E0%A6%BF%E0%A6%B0-%E0%A6%93%E0%A6%AA%E0%A6%B0-%E0%A6%B9%E0%A6%BE%E0%A6%AE%E0%A6%B2%E0%A6%BE%E0%A6%95%E0%A6%BE%E0%A6%B0%E0%A7%80%E0%A6%A6%E0%A7%87%E0%A6%B0-%E0%A6%A6%E0%A6%BE%E0%A6%81%E0%A6%A4%E0%A6%AD%E0%A6%BE%E0%A6%99%E0%A6%BE-%E0%A6%9C%E0%A6%AC%E0%A6%BE%E0%A6%AC-%E0%A6%A6%E0%A7%87%E0%A6%93%E0%A7%9F%E0%A6%BE-%E0%A6%B9%E0%A6%AC%E0%A7%87%E2%80%99,bn,0,default
ঢাকা protest,prf_hybrid,36,NOAB to host journos' conference against mob attacks next month,https://www.daily-sun.com/law-&-Order/847501/journos-to-host-conference-against-mob-attacks-next-month,en,1,default
ঢাকা protest,prf_hybrid,37,Left parties’ road march to begin today,https://www.newagebd.net/post/politics/268356/left-parties-road-march-to-begin-today,en,1,default
ঢাকা protest,prf_hybrid,38,BEC students shut down campus over unmet demands,https://dailynewnation.com/news/797642/,en,0,default
ঢাকা protest,prf_hybrid,39,পশ্চিমবঙ্গ ও ত্রিপুরায় আজো বাংলাদেশ সরকারের বিরুদ্ধে বিক্ষোভ,https://dailynayadiganta.com/international/asia/south-asia/WwwCvka12cxu,bn,0,default
ঢাকা protest,prf_hybrid,40,"গানে গানে প্রতিবাদ জানাবে ছায়ানট, সংহতি-সমাবেশ আজ",https://www.prothomalo.com/entertainment/song/ijavjzekoh,bn,1,default
ঢাকা protest,prf_hybrid,41,সচিবের সঙ্গে আলোচনা করতে ইসিতে ছাত্রদল নেতারা ,https://www.banglatribune.com/politics/bnp/930440/%E0%A6%B8%E0%A6%9A%E0%A6%BF%E0%A6%AC%E0%A7%87%E0%A6%B0-%E0%A6%B8%E0%A6%99%E0%A7%8D%E0%A6%97%E0%A7%87-%E0%A6%86%E0%A6%B2%E0%A7%8B%E0%A6%9A%E0%A6%A8%E0%A6%BE-%E0%A6%95%E0%A6%B0%E0%A6%A4%E0%A7%87-%E0%A6%87%E0%A6%B8%E0%A6%BF%E0%A6%A4%E0%A7%87-%E0%A6%9B%E0%A6%BE%E0%A6%A4%E0%A7%8D%E0%A6%B0%E0%A6%A6%E0%A6%B2-%E0%A6%A8%E0%A7%87%E0%A6%A4%E0%A6%BE%E0%A6%B0%E0%A6%BE%C2%A0,bn,1,default
ঢাকা protest,prf_hybrid,42,সচিবের সঙ্গে আলোচনা করতে ইসিতে ছাত্রদল নেতারা ,https://www.banglatribune.com/politics/bnp/930440/%E0%A6%B8%E0%A6%9A%E0%A6%BF%E0%A6%AC%E0%A7%87%E0%A6%B0-%E0%A6%B8%E0%A6%99%E0%A7%8D%E0%A6%97%E0%A7%87-%E0%A6%86%E0%A6%B2%E0%A7%8B%E0%A6%9A%E0%A6%A8%E0%A6%BE-%E0%A6%95%E0%A6%B0%E0%A6%A4%E0%A7%87-%E0%A6%87%E0%A6%B8%E0%A6%BF%E0%A6%A4%E0%A7%87-%E0%A6%9B%E0%A6%BE%E0%A6%A4%E0%A7%8D%E0%A6%B0%E0%A6%A6%E0%A6%B2-%E0%A6%A8%E0%A7%87%E0%A6%A4%E0%A6%BE%E0%A6%B0%E0%A6%BE%C2%A0,bn,1,default
ঢাকা protest,prf_hybrid,43,India given ‘corridor’ in name of transit: Mancha,https://www.newagebd.net/post/politics/239439/india-given-corridor-in-name-of-transit-mancha,en,1,default
ঢাকা protest,prf_hybrid,44,Ousted Bangladesh PM hiding in India says Chinmoy arrested unjustly,https://www.newagebd.net/post/politics/251504/ousted-bangladesh-pm-hiding-in-india-says-chinmoy-arrested-unjustly,en,1,default
ঢাকা protest,prf_hybrid,45,Mobile handset traders will not repay bank loans amid protest against NEIR: Trade body,https://www.daily-sun.com/business/852405/mobile-handset-traders-will-not-repay-bank-loans-in-protest-against-neir-trade-body,en,1,default
ঢাকা protest,prf_hybrid,46,"Slogans, security, and a tense environment outside Mirpur stadium",https://www.thedailystar.net/sports/cricket/news/slogans-security-and-tense-environment-outside-mirpur-stadium-4055976,en,1,default
ঢাকা protest,prf_hybrid,47,DU authorities file case over attack on students,https://www.dhakatribune.com/bangladesh/401191/du-authorities-file-case-over-attack-on-students,en,1,default
ঢাকা protest,prf_hybrid,48,"৯ ঘণ্টা ধরে ঢাকা-ময়মনসিংহ রেলপথ অবরোধ, যাত্রীদের দুর্ভোগ",https://www.banglatribune.com/country/mymensing/924001/%E0%A7%AF-%E0%A6%98%E0%A6%A3%E0%A7%8D%E0%A6%9F%E0%A6%BE-%E0%A6%A7%E0%A6%B0%E0%A7%87-%E0%A6%A2%E0%A6%BE%E0%A6%95%E0%A6%BE-%E0%A6%AE%E0%A7%9F%E0%A6%AE%E0%A6%A8%E0%A6%B8%E0%A6%BF%E0%A6%82%E0%A6%B9-%E0%A6%B0%E0%A7%87%E0%A6%B2%E0%A6%AA%E0%A6%A5-%E0%A6%85%E0%A6%AC%E0%A6%B0%E0%A7%8B%E0%A6%A7-%E0%A6%AF%E0%A6%BE%E0%A6%A4%E0%A7%8D%E0%A6%B0%E0%A7%80%E0%A6%A6%E0%A7%87%E0%A6%B0,bn,1,default
ঢাকা protest,prf_hybrid,49,Chhatra Dal lifts EC siege after assurance of meeting demands,https://www.daily-sun.com/bangladesh/852710/chhatra-dal-lifts-ec-siege-after-assurance-of-meeting-demands,en,1,default
ঢাকা protest,prf_hybrid,50,ভোটের পরেও ১০ দিন সেনাবাহিনী রাখার দাবি সংখ্যালঘু আইনজীবীদের,https://www.prothomalo.com/bangladesh/wgfl19kl5j,bn,1,default