query,category,engine,rank,doc_name,doc_url,language,relevant,annotator
bangladesh cricket,NE,bm25,1,"ভারতে না গেলে বাংলাদেশকে ছাড়াই হবে বিশ্বকাপ, আইসিসি বোর্ডসভায় সিদ্ধান্ত",https://www.prothomalo.com/sports/cricket/93yxvkw2y7,bn,1,Afra
bangladesh cricket,NE,bm25,2,Tigresses open T20 WC qualifying campaign against USA on Jan 18,https://www.thedailystar.net/sports/cricket/news/tigresses-open-t20-wc-qualifying-campaign-against-usa-jan-18-4075576,en,1,Afra
bangladesh cricket,NE,bm25,3,আইসিসিকে দেওয়া চিঠিতে যা বলেছে বিসিবি,https://www.dhakapost.com/sports/421526,bn,1,Afra
bangladesh cricket,NE,bm25,4,বাংলাদেশের সিদ্ধান্তকে সমর্থন জানিয়ে যা বললেন আফ্রিদি,https://www.dhakapost.com/sports/421991,bn,1,Afra
bangladesh cricket,NE,bm25,5,"‘ভারতেই খেলতে হবে এমন দাবি ভিত্তিহীন’, বাংলাদেশ নিয়ে ইতিবাচক আইসিসি",https://www.dhakapost.com/sports/422187,bn,1,Afra
bangladesh cricket,NE,bm25,6,বিশ্বকাপে বাংলাদেশ–আয়ারল্যান্ডের গ্রুপ অদলবদল: আইরিশরা কী বলছে,https://www.prothomalo.com/sports/cricket/r9wqn61ipl,bn,1,Afra
bangladesh cricket,NE,bm25,7,ICC considering alternate Indian venues for Bangladesh,https://dailynewnation.com/news/796507/,en,1,Afra
bangladesh cricket,NE,bm25,8,ভারতের মাটিতে বাংলাদেশের নিরাপত্তা ঝুঁকির তথ্য নেই : আইসিসি,https://www.dhakapost.com/sports/422164,bn,1,Afra
bangladesh cricket,NE,bm25,9,BCB Election Commission announces final voter’s list,https://www.newagebd.net/post/cricket/277211/bcb-election-commission-announces-final-voters-list,en,1,Afra
bangladesh cricket,NE,bm25,10,বাংলাদেশি ক্রিকেটারদের সঙ্গে চুক্তি স্থগিত রাখল ভারতীয় প্রতিষ্ঠান,https://www.dhakapost.com/sports/423335,bn,1,Afra
united states of america,NE,bm25,1,ভেনেজুয়েলায় মার্কিন হামলার নিন্দা সিপিবি ও বাসদের,https://www.prothomalo.com/politics/xtdc4jjdl9,bn,1,Afra
united states of america,NE,bm25,2,Abbas Araghchi slumps Trump’s warning: Iran urges UN to respond to Trump’s ‘reckless’ threats over protests,https://dailynewnation.com/news/794454/,en,1,Afra
united states of america,NE,bm25,3,ইরান কখনোই যুক্তরাষ্ট্রের কাছে মাথানত করবে না : খামেনি,https://www.dhakapost.com/international/389623,bn,1,Afra
united states of america,NE,bm25,4,Will work with anyone who wins election: US Ambassador,https://www.daily-sun.com/diplomacy/853113/will-work-with-anyone-who-wins-election-us-ambassador-christensen,en,1,Afra
united states of america,NE,bm25,5,‘নগ্ন সাম্রাজ্যবাদ’: ভেনেজুয়েলায় আগ্রাসন চালিয়ে যেভাবে পুরোনো রূপে ফিরছে যুক্তরাষ্ট্র,https://www.prothomalo.com/world/usa/fzgc3yrl67,bn,1,Afra
united states of america,NE,bm25,6,গণতান্ত্রিক যুক্তফ্রন্টের মার্কিন দূতাবাস ঘেরাও কর্মসূচিতে পুলিশের বাধা,https://www.prothomalo.com/politics/zdc29t1iqq,bn,1,Afra
united states of america,NE,bm25,7,"ভেনেজুয়েলা ছাড়তে মার্কিন নাগরিকদের আহ্বান যুক্তরাষ্ট্রের, ভয় সশস্ত্র গোষ্ঠীর",https://www.prothomalo.com/world/south-america/rgyqz7we27,bn,1,Afra
united states of america,NE,bm25,8,ভেনিজুয়েলার ভবিষ্যৎ নির্ধারণ করবেন সেখানকার জনগণ : মার্কিন প্রতিরক্ষা মন্ত্রী,https://dailynayadiganta.com/international/america/IeU17UlumOui,bn,1,Afra
united states of america,NE,bm25,9,From the Monroe Doctrine to the “Donroe” Doctrine,https://www.dhakatribune.com/opinion/op-ed/400621/from-the-monroe-doctrine-to-the-%E2%80%9Cdonroe%E2%80%9D-doctrine,en,1,Afra
united states of america,NE,bm25,10,‘ইরানকে আবার মহান করুন’ লেখা টুপি দিয়ে ট্রাম্প কি তেহরানে হামলার ইঙ্গিত দিচ্ছেন,https://www.prothomalo.com/world/usa/uibblj72rr,bn,1,Afra
economic crisis,Concept,bm25,1,"Iran braces for escalation as protests, crackdowns and threats collide",https://www.dhakatribune.com/world/middle-east/400955/iran-braces-for-escalation-as-protests-crackdowns,en,1,Afra
economic crisis,Concept,bm25,2,অর্থনৈতিক সংকট নিয়ে হরিণের মতো সতর্ক থাকতে হবে: আশিকুর রহমান,https://www.prothomalo.com/business/1o8fb18tts,bn,1,Afra
economic crisis,Concept,bm25,3,We must talk about mental health,https://www.dhakatribune.com/opinion/editorial/399623/we-must-talk-about-mental-health,en,0,Afra
economic crisis,Concept,bm25,4,Industrial term loan release drops,https://www.newagebd.net/post/banking/261180/industrial-term-loan-release-drops,en,1,Afra
economic crisis,Concept,bm25,5,Banks’ CSR spending halves,https://www.newagebd.net/post/banking/276351/banks-csr-spending-halves,en,1,Afra
economic crisis,Concept,bm25,6,Boro season: Govt building fertiliser stock,https://www.thedailystar.net/news/bangladesh/agriculture/news/boro-season-govt-building-fertiliser-stock-3171336,en,0,Afra
economic crisis,Concept,bm25,7,Hopes and hesitations,https://www.dhakatribune.com/opinion/op-ed/399445/hopes-and-hesitations,en,1,Afra
economic crisis,Concept,bm25,8,Climate justice cannot be an afterthought,https://www.dhakatribune.com/opinion/editorial/400757/climate-justice-cannot-be-an-afterthought,en,0,Afra
economic crisis,Concept,bm25,9,Energy Adviser: Traders behind LPG price manipulation,https://www.dhakatribune.com/business/400383/energy-adviser-traders-behind-lpg-price,en,1,Afra
economic crisis,Concept,bm25,10,Investment stalls amid high interest rates,https://www.daily-sun.com/business/851409,en,1,Afra
bangla cinema,Concept,bm25,1,35 swimmers begin Bangla Channel crossing,https://www.dhakatribune.com/bangladesh/nation/401237/35-swimmers-begin-bangla-channel-crossing,en,0,Afra
bangla cinema,Concept,bm25,2,টানা ২০০ দিন ধরে সিনেমা হলে চলছে এই বাংলা সিনেমা,https://www.prothomalo.com/entertainment/dhallywood/tbfgng4jd3,bn,1,Afra
bangla cinema,Concept,bm25,3,ডিসেম্বরে সিনেমা মুক্তি কম কেন,https://www.prothomalo.com/entertainment/dhallywood/0vpk1stveu,bn,1,Afra
bangla cinema,Concept,bm25,4,2025 emerges as a milestone for Arab cinema,https://www.thedailystar.net/entertainment/tv-film/news/2025-emerges-milestone-arab-cinema-4067016,en,0,Afra
bangla cinema,Concept,bm25,5,How mid-budget films reclaimed Indian cinemas in 2025,https://www.thedailystar.net/entertainment/tv-film/news/how-mid-budget-films-reclaimed-indian-cinemas-2025-4070056,en,0,Afra
bangla cinema,Concept,bm25,6,Renowned actress Jayasree Kabir passes away in London,https://www.thedailystar.net/entertainment/tv-film/news/renowned-actress-jayasree-kabir-passes-away-london-4081771,en,1,Afra
bangla cinema,Concept,bm25,7,Hold on to your cinema seat tight: Siam Ahmed,https://www.thedailystar.net/entertainment/tv-film/news/hold-your-cinema-seat-tight-siam-ahmed-4071296,en,1,Afra
bangla cinema,Concept,bm25,8,The Daily Star means 35 years of fearless journalism: Shakib Khan,https://www.thedailystar.net/entertainment/tv-film/news/the-daily-star-means-35-years-fearless-journalism-shakib-khan-4080771,en,1,Afra
bangla cinema,Concept,bm25,9,রীনা খান ‘দজ্জাল শাশুড়ি’? ছেলের বউয়ের উত্তর…,https://www.prothomalo.com/entertainment/dhallywood/owyvkkyh10,bn,1,Afra
bangla cinema,Concept,bm25,10,Shakib Khan showcases six different looks in a new commercial,https://www.thedailystar.net/entertainment/tv-film/news/shakib-khan-showcases-six-different-looks-new-commercial-4047086,en,1,Afra
Donald Trump and Tariff,Mixed,bm25,1,"গ্রিনল্যান্ড নিয়ে শুল্ক আরোপে অটল ট্রাম্প, সার্বভৌমত্ব রক্ষার ঘোষণা ইইউর",https://dailynayadiganta.com/international/fX4ppW5awx5G,bn,1,Afra
Donald Trump and Tariff,Mixed,bm25,2,US mulls reducing reciprocal tariff rate on Bangladesh,https://www.daily-sun.com/business/850902/us-mulls-reducing-reciprocal-tariff-rate-on-bangladesh,en,1,Afra
Donald Trump and Tariff,Mixed,bm25,3,"শুল্ক আরোপের বিষয়টি ন্যায্য, বেশিরভাগ মানুষই তা বোঝেন : ট্রাম্প",https://dailynayadiganta.com/international/america/KtymC8ri91dk,bn,1,Afra
Donald Trump and Tariff,Mixed,bm25,4,গ্রিনল্যান্ড নিয়ে ট্রাম্পের হুমকি দেয়া ‘পুরোপুরি ভুল’ কাজ : ব্রিটিশ প্রধানমন্ত্রী,https://dailynayadiganta.com/international/europe/jwEVrsZnHNRB,bn,1,Afra
Donald Trump and Tariff,Mixed,bm25,5,"মোদি আমাকে বলেছিলেন, ‘স্যার, আমি কি আপনার সঙ্গে একটু দেখা করতে পারি’: ট্রাম্প",https://www.prothomalo.com/world/usa/4aod8bwtzu,bn,1,Afra
Donald Trump and Tariff,Mixed,bm25,6,তিন ধরনের পণ্যে অতিরিক্ত শুল্ক স্থগিত করলেন ট্রাম্প,https://dailynayadiganta.com/international/america/58qLpKkXuHHX,bn,1,Afra
Donald Trump and Tariff,Mixed,bm25,7,আমাকে খুশি রাখা জরুরি: মোদিকে কেন বললেন ট্রাম্প,https://www.prothomalo.com/world/usa/sjctqrdscv,bn,1,Afra
Donald Trump and Tariff,Mixed,bm25,8,US urges citizens to leave Iran amid escalating unrest,https://www.dhakatribune.com/world/asia/400910/us-urges-citizens-to-leave-iran-amid-escalating,en,0,Afra
Donald Trump and Tariff,Mixed,bm25,9,"মোদি বললেন, ‘স্যার, আমি কি আপনার সাথে দেখা করতে পারি?’",https://dailynayadiganta.com/international/asia/south-asia/YQLNzjsTcOYc,bn,1,Afra
Donald Trump and Tariff,Mixed,bm25,10,"Trump backs bill proposing 500% tariff on India, other countries",https://www.dhakatribune.com/world/north-america/400542/trump-backs-bill-proposing-500%25-tariff-on-india,en,1,Afra
Inflation rate in bangladesh,Mixed,bm25,1,মূল্যস্ফীতির জন্য নিজ সরকারকেই দুষলেন ইরানের প্রেসিডেন্ট,https://www.dhakapost.com/international/407552,bn,0,Afra
Inflation rate in bangladesh,Mixed,bm25,2,Inflation rises again to 8.49% in December,https://www.dhakatribune.com/business/400334/inflation-rises-again-to-8.49%25-in-december,en,1,Afra
Inflation rate in bangladesh,Mixed,bm25,3,BB panel flags inflation risks,https://www.thedailystar.net/business/economy/news/bb-panel-flags-inflation-risks-4038161,en,1,Afra
Inflation rate in bangladesh,Mixed,bm25,4,IMF for keeping policy rate at 10% to contain inflation,https://www.thedailystar.net/business/economy/news/imf-keeping-policy-rate-10-contain-inflation-3944841,en,1,Afra
Inflation rate in bangladesh,Mixed,bm25,5,BoE cuts interest rate after UK inflation slides,https://www.newagebd.net/post/banking/285705/boe-cuts-interest-rate-after-uk-inflation-slides,en,0,Afra
Inflation rate in bangladesh,Mixed,bm25,6,High interests fail to tame inflation as BB prepares H2 FY26 policy,https://www.daily-sun.com/business/852321,en,1,Afra
Inflation rate in bangladesh,Mixed,bm25,7,BoE holds rate steady after jumbo US cut,https://www.newagebd.net/post/banking/245660/boe-holds-rate-steady-after-jumbo-us-cut,en,0,Afra
Inflation rate in bangladesh,Mixed,bm25,8,তিন ধরনের পণ্যে অতিরিক্ত শুল্ক স্থগিত করলেন ট্রাম্প,https://dailynayadiganta.com/international/america/58qLpKkXuHHX,bn,1,Afra
Inflation rate in bangladesh,Mixed,bm25,9,Lending-deposit rate gap above 5pc for 10 months,https://www.newagebd.net/post/banking/255719/lending-deposit-rate-gap-above-5pc-for-10-months,en,1,Afra
Inflation rate in bangladesh,Mixed,bm25,10,"Govt withdraws new savings certificate rates, reinstates previous ones",https://www.dhakatribune.com/business/400262/govt-withdraws-new-savings-certificate-rates,en,1,Afra
bangladesh cricket,NE,semantic,1,বাংলাদেশের খেলতে না যাওয়ার সিদ্ধান্তে ভারতে মিশ্র প্রতিক্রিয়া,https://www.dhakapost.com/sports/423894,bn,1,Tanjil
bangladesh cricket,NE,semantic,2,ভারতের মাটিতে বিশ্বকাপ খেলা নিয়ে যা বলল বিসিবি,https://www.dhakapost.com/sports/421260,bn,1,Tanjil
bangladesh cricket,NE,semantic,3,বিশ্বকাপে না খেললে ক্রিকেটারদের ক্ষতিপূরণ নিয়ে যা জানাল বিসিবি,https://www.dhakapost.com/sports/423952,bn,1,Tanjil
bangladesh cricket,NE,semantic,4,"‘ভারত একজনকেই নিরাপত্তা দিতে পারছে না, পুরো টিমকে কীভাবে দেবে’",https://www.dhakapost.com/sports/422287,bn,1,Tanjil
bangladesh cricket,NE,semantic,5,আইসিসিকে দেওয়া চিঠিতে যা বলেছে বিসিবি,https://www.dhakapost.com/sports/421526,bn,1,Tanjil
bangladesh cricket,NE,semantic,6,বাংলাদেশের বিশ্বকাপে খেলার ইস্যুতে যা বললেন বিসিসিআই সচিব,https://www.dhakapost.com/sports/422938,bn,1,Tanjil
bangladesh cricket,NE,semantic,7,"কেন বাংলাদেশের অনুরোধ রাখা হলো না, জানাল আইসিসি",https://www.prothomalo.com/sports/cricket/ds6jyyhi2w,bn,1,Tanjil
bangladesh cricket,NE,semantic,8,"বাংলাদেশ দল যাবে না নিরাপত্তা–শঙ্কায়, ভারতে শরফুদ্দৌলা কীভাবে আম্পায়ারিং করছেন",https://www.prothomalo.com/sports/cricket/k0euw4ll8q,bn,1,Tanjil
bangladesh cricket,NE,semantic,9,বাংলাদেশ না খেললে বিশ্বকাপ থেকে সরে যেতে পারে পাকিস্তানও,https://www.prothomalo.com/sports/cricket/byxeh37bdw,bn,1,Tanjil
bangladesh cricket,NE,semantic,10,বাংলাদেশের বিশ্বকাপ খেলা নিয়ে কী হবে আইসিসির আজকের সভায়,https://www.prothomalo.com/sports/fu0s9si8pm,bn,1,Tanjil
united states of america,NE,semantic,1,"যুক্তরাষ্ট্র ৬৬ আন্তর্জাতিক সংস্থা ছাড়ছে, ঘোষণা ট্রাম্পের",https://www.prothomalo.com/world/usa/8nsdfwi8ia,bn,1,Tanjil
united states of america,NE,semantic,2,গ্রিনল্যান্ডে যুক্তরাষ্ট্রের পতাকার সম্পাদিত ছবি পোস্ট করেছেন ট্রাম্প,https://dailynayadiganta.com/international/america/L9clQWDZmNZ3,bn,1,Tanjil
united states of america,NE,semantic,3,জাতিসংঘের ও আন্তর্জাতিক ৬৬ সংস্থা থেকে বেরিয়ে যাওয়ার ঘোষণা যুক্তরাষ্ট্রের,https://www.prothomalo.com/world/usa/uurzhlltdr,bn,1,Tanjil
united states of america,NE,semantic,4,"ইরানে যুক্তরাষ্ট্রের সামরিক পদক্ষেপ ঠিক হবে কি না, সন্দিহান কোনো কোনো মার্কিন সিনেটর",https://www.prothomalo.com/world/usa/mglmxzm1e9,bn,1,Tanjil
united states of america,NE,semantic,5,ইরান কখনোই যুক্তরাষ্ট্রের কাছে মাথানত করবে না : খামেনি,https://www.dhakapost.com/international/389623,bn,1,Tanjil
united states of america,NE,semantic,6,গ্রিনল্যান্ড যুক্তরাষ্ট্রের প্রয়োজন: ট্রাম্প,https://www.prothomalo.com/world/usa/tffxo0rkv5,bn,1,Tanjil
united states of america,NE,semantic,7,পুতিনের সাথে মার্কিন প্রতিনিধিদের ৫ ঘণ্টা বৈঠকের পরও হয়নি সমঝোতা,https://dailynayadiganta.com/international/europe/FvnuBf9mJryl,bn,0,Tanjil
united states of america,NE,semantic,8,ট্রাম্পের গ্রিনল্যান্ড দখলের চেষ্টাকে কীভাবে দেখছেন মার্কিন জনগণ,https://www.prothomalo.com/world/usa/ty8wfif6vh,bn,0,Tanjil
united states of america,NE,semantic,9,রাশিয়া-ইউক্রেনের সাথে ফলপ্রসু আলোচনা হয়েছে : যুক্তরাষ্ট্র,https://dailynayadiganta.com/international/america/Eoej8cMOK7A1,bn,1,Tanjil
united states of america,NE,semantic,10,Mexican president: Americas do not belong to any power,https://www.dhakatribune.com/world/north-america/400352/mexican-president-americas-do-not-belong-to-any,en,1,Tanjil
economic crisis,Concept,semantic,1,অর্থনীতির দুর্দশা এখনো পুরোপুরি কাটেনি,https://www.prothomalo.com/business/analysis/4yzbd0fcvh,bn,1,Tanjil
economic crisis,Concept,semantic,2,স্থবিরতা কাটিয়ে অর্থনীতি গতিশীল হবে—এটাই আশা,https://www.prothomalo.com/business/analysis/oorx70l41f,bn,1,Tanjil
economic crisis,Concept,semantic,3,"অর্থনৈতিকভাবে ক্ষয়ে গেছে ইরান, তার জেরেই এই বিক্ষোভ",https://www.prothomalo.com/business/world-business/h4zyi6gd1w,bn,1,Tanjil
economic crisis,Concept,semantic,4,বাংলাদেশের মূল ঝুঁকি অপরাধ ও অবৈধ অর্থনৈতিক তৎপরতা: ওয়ার্ল্ড ইকোনমিক ফোরাম,https://www.prothomalo.com/business/economics/z449dyaw6l,bn,1,Tanjil
economic crisis,Concept,semantic,5,"দাম বাড়ছে, ক্ষোভ বাড়ছে: ইরানের নতুন অর্থনৈতিক অস্থিরতার ভেতরের চিত্র",https://www.prothomalo.com/world/middle-east/237tqqpwie,bn,1,Tanjil
economic crisis,Concept,semantic,6,ইরানে বিক্ষোভে ২০০০ মানুষ নিহত: সরকারি কর্মকর্তা,https://www.prothomalo.com/world/middle-east/767c451eqr,bn,0,Tanjil
economic crisis,Concept,semantic,7,"সমস্যার কথা জানালেন ব্যবসায়ীরা, আশ্বস্ত করলেন তারেক রহমান",https://www.prothomalo.com/politics/p3uuvj6haz,bn,0,Tanjil
economic crisis,Concept,semantic,8,"বিনিয়োগে বড় বাধা অনিশ্চয়তা, আস্থা ফেরানোর তাগিদ",https://www.prothomalo.com/business/industry/culn28npxz,bn,1,Tanjil
economic crisis,Concept,semantic,9,ইরানজুড়ে সরকারবিরোধী বিক্ষোভ,https://www.prothomalo.com/world/middle-east/9mdc5gaczn,bn,0,Tanjil
economic crisis,Concept,semantic,10,অর্থনৈতিক সংকট নিয়ে হরিণের মতো সতর্ক থাকতে হবে: আশিকুর রহমান,https://www.prothomalo.com/business/1o8fb18tts,bn,1,Tanjil
bangla cinema,Concept,semantic,1,কল্যাণী কি বলিউডেও আসছেন,https://www.prothomalo.com/entertainment/bollywood/krmorg8g6a,bn,1,Tanjil
bangla cinema,Concept,semantic,2,টানা ২০০ দিন ধরে সিনেমা হলে চলছে এই বাংলা সিনেমা,https://www.prothomalo.com/entertainment/dhallywood/tbfgng4jd3,bn,1,Tanjil
bangla cinema,Concept,semantic,3,ঢাকা চলচ্চিত্র উৎসবে আজ দেখতে পারেন যেসব সিনেমা,https://www.prothomalo.com/entertainment/dhallywood/z3w6rddrzn,bn,1,Tanjil
bangla cinema,Concept,semantic,4,ঢাকা চলচ্চিত্র উৎসবে বাংলাদেশের ৫৮ সিনেমা,https://www.prothomalo.com/entertainment/dhallywood/1yulicfrjo,bn,1,Tanjil
bangla cinema,Concept,semantic,5,শিল্পকলায় ঢাকা আন্তর্জাতিক চলচ্চিত্র উৎসবের শো স্থগিত,https://www.prothomalo.com/entertainment/dhallywood/yenh51absb,bn,1,Tanjil
bangla cinema,Concept,semantic,6,বগুড়ায় তিন দিনব্যাপী আন্তর্জাতিক চলচ্চিত্র উৎসব শুরু,https://www.prothomalo.com/entertainment/9xemgajhc3,bn,1,Tanjil
bangla cinema,Concept,semantic,7,"শিল্পকলায় ফিরল ঢাকা চলচ্চিত্র উৎসব, আজ ৫ সিনেমার প্রদর্শনী",https://www.prothomalo.com/entertainment/dhallywood/2439xn63b6,bn,1,Tanjil
bangla cinema,Concept,semantic,8,"সালমান খানের সবচেয়ে বয়স্ক নায়িকা, চিত্রাঙ্গদা বললেন...",https://www.prothomalo.com/entertainment/bollywood/q0fraoxn0t,bn,0,Tanjil
bangla cinema,Concept,semantic,9,রীনা খান ‘দজ্জাল শাশুড়ি’? ছেলের বউয়ের উত্তর…,https://www.prothomalo.com/entertainment/dhallywood/owyvkkyh10,bn,1,Tanjil
bangla cinema,Concept,semantic,10,শেষ পর্যন্ত থালাপতি বিজয়ের সিনেমাটি আটকে গেল,https://www.prothomalo.com/entertainment/bollywood/mm4zs7z7a5,bn,1,Tanjil
Donald Trump and Tariff,Mixed,semantic,1,"শুল্ক আরোপের বিষয়টি ন্যায্য, বেশিরভাগ মানুষই তা বোঝেন : ট্রাম্প",https://dailynayadiganta.com/international/america/KtymC8ri91dk,bn,1,Tanjil
Donald Trump and Tariff,Mixed,semantic,2,গ্রিনল্যান্ড দখলে বিরোধিতা করায় ইউরোপের ৮ দেশের ওপর শুল্ক আরোপ ট্রাম্পের,https://www.prothomalo.com/world/usa/wch1p8e0kh,bn,1,Tanjil
Donald Trump and Tariff,Mixed,semantic,3,গ্রিনল্যান্ড নিয়ে ট্রাম্পের শুল্ক হুমকির তীব্র নিন্দা ইউরোপীয় নেতাদের,https://www.prothomalo.com/world/europe/5w9qd4xgax,bn,1,Tanjil
Donald Trump and Tariff,Mixed,semantic,4,গ্রিনল্যান্ড নিয়ে ট্রাম্পের শুল্ক আরোপকে ‘অগ্রহণযোগ্য’ বলেছেন ইউরোপের নেতারা,https://www.prothomalo.com/world/europe/uljoti4ovn,bn,1,Tanjil
Donald Trump and Tariff,Mixed,semantic,5,"ট্রাম্পের কারণে কি যুক্তরাষ্ট্র-ইইউর শুল্কযুদ্ধ লেগে যেতে পারে, এর পরিণতিই–বা কী হবে",https://www.prothomalo.com/world/europe/sblmt50cvb,bn,1,Tanjil
Donald Trump and Tariff,Mixed,semantic,6,ইরানের বিরুদ্ধে ট্রাম্পের শুল্কের ঘোষণায় ভারতের চিন্তা কতটা বাড়ল,https://www.prothomalo.com/world/india/fu2unun0xb,bn,1,Tanjil
Donald Trump and Tariff,Mixed,semantic,7,ট্রাম্পের একচ্ছত্র ক্ষমতার দিন কি শেষ হয়ে আসছে,https://www.prothomalo.com/business/world-business/d76t9etejl,bn,0,Tanjil
Donald Trump and Tariff,Mixed,semantic,8,"যেসব দেশ গ্রিনল্যান্ড নিতে বাধা দেবে, তাদের ওপর শুল্ক আরোপ: ট্রাম্পের নতুন হুমকি",https://www.prothomalo.com/world/usa/s0pb5b5le6,bn,1,Tanjil
Donald Trump and Tariff,Mixed,semantic,9,"ইউরোপ জিম্মি হবে না, বললেন ডেনমার্কের প্রধানমন্ত্রী",https://www.prothomalo.com/world/europe/byeq33k141,bn,0,Tanjil
Donald Trump and Tariff,Mixed,semantic,10,"গ্রিনল্যান্ড দখলে বল প্রয়োগ করব না, তবে মালিকানা যুক্তরাষ্ট্রের কাছেই থাকা উচিত: ট্রাম্প",https://www.prothomalo.com/world/europe/j2rzuciofe,bn,0,Tanjil
Inflation rate in bangladesh,Mixed,semantic,1,আজকের বিনিময় হার,https://www.prothomalo.com/business/bank/aquc63qsj0,bn,1,Tanjil
Inflation rate in bangladesh,Mixed,semantic,2,আজকের বিনিময় হার,https://www.prothomalo.com/business/bank/9pubwjzlwb,bn,1,Tanjil
Inflation rate in bangladesh,Mixed,semantic,3,আজকের বিনিময় হার,https://www.prothomalo.com/business/bank/msc6kubmy3,bn,1,Tanjil
Inflation rate in bangladesh,Mixed,semantic,4,দক্ষিণ এশিয়ায় বাংলাদেশের মূল্যস্ফীতি সবচেয়ে বেশি,https://www.prothomalo.com/business/economics/thaiw73nsl,bn,1,Tanjil
Inflation rate in bangladesh,Mixed,semantic,5,আজকের বিনিময় হার,https://www.prothomalo.com/business/bank/4x8ygefz0b,bn,0,Tanjil
Inflation rate in bangladesh,Mixed,semantic,6,আজকের বিনিময় হার,https://www.prothomalo.com/business/bank/7gwbhk0oog,bn,0,Tanjil
Inflation rate in bangladesh,Mixed,semantic,7,আজকের বিনিময় হার,https://www.prothomalo.com/business/bank/14p975nzqf,bn,0,Tanjil
Inflation rate in bangladesh,Mixed,semantic,8,আজকের বিনিময় হার,https://www.prothomalo.com/business/bank/mgvgf0ktn7,bn,0,Tanjil
Inflation rate in bangladesh,Mixed,semantic,9,আজকের বিনিময় হার,https://www.prothomalo.com/business/bank/u21zlm302e,bn,0,Tanjil
Inflation rate in bangladesh,Mixed,semantic,10,আজকের বিনিময় হার,https://www.prothomalo.com/business/bank/zygzzmbabf,bn,0,Tanjil
bangladesh cricket,NE,hybrid,1,বাংলাদেশের খেলতে না যাওয়ার সিদ্ধান্তে ভারতে মিশ্র প্রতিক্রিয়া,https://www.dhakapost.com/sports/423894,bn,1,Nabila
bangladesh cricket,NE,hybrid,2,বাংলাদেশি ক্রিকেটারদের সঙ্গে চুক্তি স্থগিত রাখল ভারতীয় প্রতিষ্ঠান,https://www.dhakapost.com/sports/423335,bn,1,Nabila
bangladesh cricket,NE,hybrid,3,বাংলাদেশের সিদ্ধান্তকে সমর্থন জানিয়ে যা বললেন আফ্রিদি,https://www.dhakapost.com/sports/421991,bn,1,Nabila
bangladesh cricket,NE,hybrid,4,বাংলাদেশের বিশ্বকাপে খেলার ইস্যুতে যা বললেন বিসিসিআই সচিব,https://www.dhakapost.com/sports/422938,bn,1,Nabila
bangladesh cricket,NE,hybrid,5,"‘ভারতেই খেলতে হবে এমন দাবি ভিত্তিহীন’, বাংলাদেশ নিয়ে ইতিবাচক আইসিসি",https://www.dhakapost.com/sports/422187,bn,1,Nabila
bangladesh cricket,NE,hybrid,6,বাংলাদেশের বিশ্বকাপ ম্যাচ আয়োজনে আগ্রহী পাকিস্তান,https://www.prothomalo.com/sports/cricket/59offspkkj,bn,1,Nabila
bangladesh cricket,NE,hybrid,7,"ভারতে না গেলে বাংলাদেশকে ছাড়াই হবে বিশ্বকাপ, আইসিসি বোর্ডসভায় সিদ্ধান্ত",https://www.prothomalo.com/sports/cricket/93yxvkw2y7,bn,1,Nabila
bangladesh cricket,NE,hybrid,8,ভারতের মাটিতে বাংলাদেশের নিরাপত্তা ঝুঁকির তথ্য নেই : আইসিসি,https://www.dhakapost.com/sports/422164,bn,1,Nabila
bangladesh cricket,NE,hybrid,9,বাংলাদেশ-ভারত ক্রিকেট কি পাকিস্তানের মতো পরিস্থিতির দিকে এগোচ্ছে?,https://www.dhakapost.com/sports/421459,bn,1,Nabila
bangladesh cricket,NE,hybrid,10,ভারতের মাটিতে বিশ্বকাপ খেলা নিয়ে যা বলল বিসিবি,https://www.dhakapost.com/sports/421260,bn,1,Nabila
united states of america,NE,hybrid,1,ইরান কখনোই যুক্তরাষ্ট্রের কাছে মাথানত করবে না : খামেনি,https://www.dhakapost.com/international/389623,bn,1,Nabila
united states of america,NE,hybrid,2,"ভেনেজুয়েলা ছাড়তে মার্কিন নাগরিকদের আহ্বান যুক্তরাষ্ট্রের, ভয় সশস্ত্র গোষ্ঠীর",https://www.prothomalo.com/world/south-america/rgyqz7we27,bn,1,Nabila
united states of america,NE,hybrid,3,‘নগ্ন সাম্রাজ্যবাদ’: ভেনেজুয়েলায় আগ্রাসন চালিয়ে যেভাবে পুরোনো রূপে ফিরছে যুক্তরাষ্ট্র,https://www.prothomalo.com/world/usa/fzgc3yrl67,bn,1,Nabila
united states of america,NE,hybrid,4,যুক্তরাষ্ট্র-ইউরোপ মিত্রতা জোট কি ভেঙে যাচ্ছে,https://dailynayadiganta.com/international/europe/Su415Uhb6UJv,bn,1,Nabila
united states of america,NE,hybrid,5,গ্রিনল্যান্ড যুক্তরাষ্ট্রের প্রয়োজন: ট্রাম্প,https://www.prothomalo.com/world/usa/tffxo0rkv5,bn,1,Nabila
united states of america,NE,hybrid,6,দুই সপ্তাহ ধাওয়ার পর তেলবাহী জাহাজ ‘মেরিনেরা’ জব্দ করতে যাচ্ছে যুক্তরাষ্ট্র,https://www.prothomalo.com/world/usa/4e4b8e69o8,bn,1,Nabila
united states of america,NE,hybrid,7,মধ্যপ্রাচ্যের গুরুত্বপূর্ণ ঘাঁটিগুলো থেকে কিছু সেনা সরিয়ে নিচ্ছে যুক্তরাষ্ট্র,https://www.prothomalo.com/world/usa/tjn6dcwfkp,bn,1,Nabila
united states of america,NE,hybrid,8,ইসরায়েল-ইরানের মধ্যে শান্তি প্রতিষ্ঠায় পাকিস্তানের সাথে আলোচনায় আমেরিকা,https://www.dhakapost.com/international/375551,bn,1,Nabila
united states of america,NE,hybrid,9,"যুক্তরাষ্ট্র ভেনেজুয়েলায় কত দিন থাকবে, তা সময়ই বলে দেবে, বললেন ট্রাম্প",https://www.prothomalo.com/world/usa/6f94vsgtrq,bn,1,Nabila
united states of america,NE,hybrid,10,"ইরানে যুক্তরাষ্ট্রের সামরিক পদক্ষেপ ঠিক হবে কি না, সন্দিহান কোনো কোনো মার্কিন সিনেটর",https://www.prothomalo.com/world/usa/mglmxzm1e9,bn,1,Nabila
economic crisis,Concept,hybrid,1,অর্থনৈতিক সংকট নিয়ে হরিণের মতো সতর্ক থাকতে হবে: আশিকুর রহমান,https://www.prothomalo.com/business/1o8fb18tts,bn,1,Nabila
economic crisis,Concept,hybrid,2,"অর্থনৈতিকভাবে ক্ষয়ে গেছে ইরান, তার জেরেই এই বিক্ষোভ",https://www.prothomalo.com/business/world-business/h4zyi6gd1w,bn,1,Nabila
economic crisis,Concept,hybrid,3,ইরানে নতুন করে কেন বিক্ষোভ ছড়িয়ে পড়ছে,https://www.prothomalo.com/world/middle-east/rz9fygupxh,bn,1,Nabila
economic crisis,Concept,hybrid,4,Industrial term loan release drops,https://www.newagebd.net/post/banking/261180/industrial-term-loan-release-drops,en,1,Nabila
economic crisis,Concept,hybrid,5,Banks’ CSR spending halves,https://www.newagebd.net/post/banking/276351/banks-csr-spending-halves,en,0,Nabila
economic crisis,Concept,hybrid,6,"বিনিয়োগে বড় বাধা অনিশ্চয়তা, আস্থা ফেরানোর তাগিদ",https://www.prothomalo.com/business/industry/culn28npxz,bn,1,Nabila
economic crisis,Concept,hybrid,7,Economy faces five major risks,https://www.daily-sun.com/business/852221/economy-faces-five-major-risks,en,1,Nabila
economic crisis,Concept,hybrid,8,Climate justice cannot be an afterthought,https://www.dhakatribune.com/opinion/editorial/400757/climate-justice-cannot-be-an-afterthought,en,0,Nabila
economic crisis,Concept,hybrid,9,Hopes and hesitations,https://www.dhakatribune.com/opinion/op-ed/399445/hopes-and-hesitations,en,0,Nabila
economic crisis,Concept,hybrid,10,Palestinian economy faces critical downturn,https://dailynewnation.com/news/792058/,en,1,Nabila
bangla cinema,Concept,hybrid,1,টানা ২০০ দিন ধরে সিনেমা হলে চলছে এই বাংলা সিনেমা,https://www.prothomalo.com/entertainment/dhallywood/tbfgng4jd3,bn,1,Nabila
bangla cinema,Concept,hybrid,2,রীনা খান ‘দজ্জাল শাশুড়ি’? ছেলের বউয়ের উত্তর…,https://www.prothomalo.com/entertainment/dhallywood/owyvkkyh10,bn,1,Nabila
bangla cinema,Concept,hybrid,3,How mid-budget films reclaimed Indian cinemas in 2025,https://www.thedailystar.net/entertainment/tv-film/news/how-mid-budget-films-reclaimed-indian-cinemas-2025-4070056,en,0,Nabila
bangla cinema,Concept,hybrid,4,ঢাকা চলচ্চিত্র উৎসবে বাংলাদেশের ৫৮ সিনেমা,https://www.prothomalo.com/entertainment/dhallywood/1yulicfrjo,bn,1,Nabila
bangla cinema,Concept,hybrid,5,Hold on to your cinema seat tight: Siam Ahmed,https://www.thedailystar.net/entertainment/tv-film/news/hold-your-cinema-seat-tight-siam-ahmed-4071296,en,1,Nabila
bangla cinema,Concept,hybrid,6,24th Dhaka Int’l Film Festival returns with 250 films from 75 countries,https://www.thedailystar.net/entertainment/tv-film/news/24th-dhaka-intl-film-festival-returns-250-films-75-countries-4040136,en,1,Nabila
bangla cinema,Concept,hybrid,7,DIFF to screen 58 Bangladeshi films this year,https://www.thedailystar.net/entertainment/tv-film/news/diff-screen-58-bangladeshi-films-year-4075181,en,1,Nabila
bangla cinema,Concept,hybrid,8,ডিসেম্বরে সিনেমা মুক্তি কম কেন,https://www.prothomalo.com/entertainment/dhallywood/0vpk1stveu,bn,1,Nabila
bangla cinema,Concept,hybrid,9,2025 in Bangladeshi cinema: the most critically acclaimed films of the year,https://www.thedailystar.net/entertainment/tv-film/news/2025-bangladeshi-cinema-most-critically-acclaimed-films-year-4052591,en,1,Nabila
bangla cinema,Concept,hybrid,10,বছরের আলোচিত ৭ খল চরিত্র,https://www.prothomalo.com/entertainment/dhallywood/8egj8fsrzj,bn,1,Nabila
Donald Trump and Tariff,Mixed,hybrid,1,"শুল্ক আরোপের বিষয়টি ন্যায্য, বেশিরভাগ মানুষই তা বোঝেন : ট্রাম্প",https://dailynayadiganta.com/international/america/KtymC8ri91dk,bn,1,Nabila
Donald Trump and Tariff,Mixed,hybrid,2,"গ্রিনল্যান্ড নিয়ে শুল্ক আরোপে অটল ট্রাম্প, সার্বভৌমত্ব রক্ষার ঘোষণা ইইউর",https://dailynayadiganta.com/international/fX4ppW5awx5G,bn,1,Nabila
Donald Trump and Tariff,Mixed,hybrid,3,গ্রিনল্যান্ড নিয়ে ট্রাম্পের হুমকি দেয়া ‘পুরোপুরি ভুল’ কাজ : ব্রিটিশ প্রধানমন্ত্রী,https://dailynayadiganta.com/international/europe/jwEVrsZnHNRB,bn,1,Nabila
Donald Trump and Tariff,Mixed,hybrid,4,গ্রিনল্যান্ড দখলে বিরোধিতা করায় ইউরোপের ৮ দেশের ওপর শুল্ক আরোপ ট্রাম্পের,https://www.prothomalo.com/world/usa/wch1p8e0kh,bn,1,Nabila
Donald Trump and Tariff,Mixed,hybrid,5,"মাখোঁর ওপর কেন খেপলেন ট্রাম্প, ফরাসি ওয়াইনে ২০০% শুল্ক আরোপের হুমকি",https://www.prothomalo.com/world/europe/fbhqf3m8ya,bn,1,Nabila
Donald Trump and Tariff,Mixed,hybrid,6,ফিরে দেখা ২০২৫: ট্রাম্পের শুল্কযুদ্ধে পাল্টে যাচ্ছে বিশ্ববাণিজ্য ব্যবস্থা,https://www.prothomalo.com/business/world-business/4p784sy3rk,bn,1,Nabila
Donald Trump and Tariff,Mixed,hybrid,7,"যেসব দেশ গ্রিনল্যান্ড নিতে বাধা দেবে, তাদের ওপর শুল্ক আরোপ: ট্রাম্পের নতুন হুমকি",https://www.prothomalo.com/world/usa/s0pb5b5le6,bn,1,Nabila
Donald Trump and Tariff,Mixed,hybrid,8,তিন ধরনের পণ্যে অতিরিক্ত শুল্ক স্থগিত করলেন ট্রাম্প,https://dailynayadiganta.com/international/america/58qLpKkXuHHX,bn,1,Nabila
Donald Trump and Tariff,Mixed,hybrid,9,আমাকে খুশি রাখা জরুরি: মোদিকে কেন বললেন ট্রাম্প,https://www.prothomalo.com/world/usa/sjctqrdscv,bn,1,Nabila
Donald Trump and Tariff,Mixed,hybrid,10,ট্রাম্পের পাল্টা শুল্কে যুক্তরাষ্ট্রে  বাংলাদেশের রপ্তানি কমেনি,https://www.prothomalo.com/business/industry/c3plj6atsu,bn,1,Nabila
Inflation rate in bangladesh,Mixed,hybrid,1,Inflation rises again to 8.49% in December,https://www.dhakatribune.com/business/400334/inflation-rises-again-to-8.49%25-in-december,en,1,Nabila
Inflation rate in bangladesh,Mixed,hybrid,2,High interests fail to tame inflation as BB prepares H2 FY26 policy,https://www.daily-sun.com/business/852321,en,1,Nabila
Inflation rate in bangladesh,Mixed,hybrid,3,IMF for keeping policy rate at 10% to contain inflation,https://www.thedailystar.net/business/economy/news/imf-keeping-policy-rate-10-contain-inflation-3944841,en,1,Nabila
Inflation rate in bangladesh,Mixed,hybrid,4,BB panel flags inflation risks,https://www.thedailystar.net/business/economy/news/bb-panel-flags-inflation-risks-4038161,en,1,Nabila
Inflation rate in bangladesh,Mixed,hybrid,5,মূল্যস্ফীতির জন্য নিজ সরকারকেই দুষলেন ইরানের প্রেসিডেন্ট,https://www.dhakapost.com/international/407552,bn,1,Nabila
Inflation rate in bangladesh,Mixed,hybrid,6,Lending-deposit rate gap above 5pc for 10 months,https://www.newagebd.net/post/banking/255719/lending-deposit-rate-gap-above-5pc-for-10-months,en,0,Nabila
Inflation rate in bangladesh,Mixed,hybrid,7,BoE holds rate steady after jumbo US cut,https://www.newagebd.net/post/banking/245660/boe-holds-rate-steady-after-jumbo-us-cut,en,0,Nabila
Inflation rate in bangladesh,Mixed,hybrid,8,"Inflation inches up in July, driven by food prices",https://www.thedailystar.net/business/economy/news/inflation-inches-july-driven-food-prices-3957601,en,1,Nabila
Inflation rate in bangladesh,Mixed,hybrid,9,"সঞ্চয়পত্রের মুনাফার হার কমানোর সিদ্ধান্ত বাতিল, আগের হার বহাল",https://www.prothomalo.com/business/t7o3bfdss1,bn,1,Nabila
Inflation rate in bangladesh,Mixed,hybrid,10,BoE cuts interest rate after UK inflation slides,https://www.newagebd.net/post/banking/285705/boe-cuts-interest-rate-after-uk-inflation-slides,en,1,Nabila