{

"sports": {
  "cricket": "ক্রিকেট",
  "football": "ফুটবল",
  "volleyball": "ভলিবল",
  "tennis": "টেনিস",
  "badminton": "ব্যাডমিন্টন",
  "hockey": "হকি",
  "wrestling": "রেসলিং",
  "boxing": "বক্সিং",
  "athletics": "অ্যাথলেটিক্স",
  "gymnastics": "জিমন্যাস্টিক্স",
  "swimming": "সুইমিং",
  "olympics": "অলিম্পিকস",
  "match": "ম্যাচ",
  "tournament": "টুর্নামেন্ট",
  "stadium": "স্টেডিয়াম",
  "wicket": "উইকেট",
  "goal": "গোল",
  "player": "প্লেয়ার",
  "coach": "কোচ",
  "series": "সিরিজ",
  "league": "লীগ",
  "championship": "চ্যাম্পিয়নশিপ",
  "cup": "কাপ",
  "final": "ফাইনাল",
  "semi": "সেমি",
  "quarter": "কোয়ার্টার",
  "auction": "অকশন",
  "captain": "ক্যাপ্টেন",
  "team": "টিম",
  "referee": "রেফারি",
  "umpire": "আম্পায়ার",
  "score": "স্কোর",
  "ranking": "র‍্যাংকিং",
  "transfer": "ট্রান্সফার",
  "fifa": "ফিফা",
  "icc": "আইসিসি",
  "asia cup": "এশিয়া কাপ"
}, 

"technology": {
  "internet": "ইন্টারনেট",
  "mobile": "মোবাইল",
  "computer": "কম্পিউটার",
  "software": "সফটওয়্যার",
  "virus": "ভাইরাস",
  "digital": "ডিজিটাল",
  "online": "অনলাইন",
  "social": "সোশ্যাল",
  "media": "মিডিয়া",
  "facebook": "ফেসবুক",
  "twitter": "টুইটার",
  "instagram": "ইনস্টাগ্রাম",
  "youtube": "ইউটিউব",
  "google": "গুগল",
  "data": "ডাটা",
  "database": "ডাটাবেস",
  "server": "সার্ভার",
  "cloud": "ক্লাউড",
  "artificial": "আর্টিফিশিয়াল",
  "intelligence": "ইন্টেলিজেন্স",
  "ai": "এআই",
  "machine": "মেশিন",
  "learning": "লার্নিং",
  "ml": "এমএল",
  "blockchain": "ব্লকচেইন",
  "cyber": "সাইবার",
  "hacker": "হ্যাকার",
  "malware": "ম্যালওয়্যার",
  "application": "অ্যাপ্লিকেশন",
  "app": "অ্যাপ"
},

"health_education": {
  "hospital": "হাসপাতাল",
  "doctor": "ডাক্তার",
  "clinic": "ক্লিনিক",
  "oxygen": "অক্সিজেন",
  "vaccine": "ভ্যাকসিন",
  "virus": "ভাইরাস",
  "pandemic": "প্যান্ডেমিক",
  "covid": "কোভিড",
  "university": "ইউনিভার্সিটি",
  "college": "কলেজ",
  "school": "স্কুল",
  "result": "রেজাল্ট",
  "exam": "এক্সাম",
  "student": "স্টুডেন্ট",
  "teacher": "টিচার",
  "admission": "অ্যাডমিশন",
  "medical": "মেডিক্যাল",
  "pharmacy": "ফার্মেসি",
  "surgery": "সার্জারি",
  "nurse": "নার্স"
},

"business": {
  "company": "কোম্পানি",
  "corporation": "কর্পোরেশন",
  "investment": "ইনভেস্টমেন্ট",
  "share": "শেয়ার",
  "stock": "স্টক",
  "profit": "প্রফিট",
  "loss": "লস",
  "industry": "ইন্ডাস্ট্রি",
  "factory": "ফ্যাক্টরি",
  "startup": "স্টার্টআপ",
  "brand": "ব্র্যান্ড",
  "product": "প্রোডাক্ট",
  "customer": "কাস্টমার",
  "service": "সার্ভিস",
  "market": "মার্কেট",
  "economy": "ইকোনমি",
  "finance": "ফাইন্যান্স",
  "bank": "ব্যাংক",
  "loan": "লোন",
  "credit": "ক্রেডিট",
  "debit": "ডেবিট",
  "account": "অ্যাকাউন্ট",
  "transaction": "ট্রান্সেকশন",
  "currency": "কারেন্সি",
  "exchange": "এক্সচেঞ্জ",
  "bitcoin": "বিটকয়েন",
  "cryptocurrency": "ক্রিপ্টোকারেন্সি",
  "port": "পোর্ট",
  "shipping": "শিপিং",
  "logistics": "লজিস্টিকস"
}

}